company,role,title,department,location,posting_date,remote_status,employment_type,apply_url,required_skills,description
PPG,Sales Representative,Sales Representative,,"Changsha, Hunan, China Architectural Coatings Category Sales",,,Full Time,https://careers.ppg.com/us/en/job/JR261065/Sales-Representative,"0-3年建材零售销售经验, 本科以上学历, 基础的英文使用, 能在一定程度压力下开展业务工作并实现销售增长目标, 可以接受出差","As a Sales Representative, you will be responsible for the retail operations of architectural coatings. You will report to Territory Sales Manager , and location is in Chang Sha."
PPG,Energy Engineer Intern,Energy Engineer Intern,s,"Quattordio, Alessandria, Italy Operations Category Engineering, Quality Job Type Full time Job Id JR261861 Apply Now Save job Back to search results ENERGY ENGINEER - INTERNSHIP FUNDAMENTAL PURPOSE",,,Intern,https://careers.ppg.com/us/en/job/JR261861/Energy-Engineer-Intern,"Energy Engineering degree preferred, Waste management qualification, Autocad user, SUCCESS FACTORS, Prime Success Factors, Focus on results, Drive change, Promote teamwork., Individual Success Factors, Size up situations, Problem solving, Plan and organize, Communicate and share information., #EUTalentPPG",The Energy Engineer takes care of the management of the energy consumption of Quattordio plant and performs a recurring energy diagnostic analysis comparing consumption levels with production activity.
PPG,Production Engineer,Production Engineer,production plans are optimized and scheduled to maximize profit and minimize losses Key Responsibilities & Duties Process Improvement,"Quattordio, Alessandria, Italy Operations Category Manufacturing Job Type Full time Job Id JR261914 Apply Now Save job Back to search results PRODUCTION ENGINEER - INTERSHIP FUNDAMENTAL PURPOSE",,,Full Time,https://careers.ppg.com/us/en/job/JR261914/Production-Engineer,"Interpersonal communication, Planning skills, Knowledge of electrical and mechanical systems, Knowledge of health, safety and environmental regulations","Through leadership in innovation, sustainability and color, PPG helps customers in industrial, transportation, consumer products, and construction markets and aftermarkets to enhance more surfaces in more ways than does any other company. To learn more, visit www.ppg.com and follow @PPG on X."
PPG,Spray Room Lab Technician,Spray Room Lab Technician,"s Retrieve, retain, and pull historical Panels when needed","Cleveland, Ohio, United States of America Operations Category Engineering, Quality Job Type Full time Job Id JR262301 Apply Now Save job Back to search results Under guidance, perform a variety of routine laboratory operations in a quality assurance or research setting",,,Full Time,https://careers.ppg.com/us/en/job/JR262301/Spray-Room-Lab-Technician,"Very desirable: IT networking and database knowledge and education., The base salary range for this position is $53,000.","Under guidance, perform a variety of routine laboratory operations in a quality assurance or research setting. Responsibilities usually consist of making measurements, performing several routine quantitative and qualitative biological or chemical analytical tests according to standard procedures. Assist higher level technicians in setup of laboratory equipment and in recording data for experiments and procedures. Requires knowledge in using various instruments to prepare for and perform tests. Perform routine and safety program checks and preventive maintenance on instruments."
PPG,Supply Planning Manager,Supply Planning Manager,,"Antioquia, Antioquia, Colombia Operations Category Supply Chain",,,Full Time,https://careers.ppg.com/us/en/job/JR262964/Supply-Planning-Manager,"Our employee benefits programs are designed to support the health and well-being of our employees. Any insurance coverages and benefits will be in accordance with the terms and conditions of the applicable plans and associated governing plan documents., Explore Location, Apply Now, Save job, Get notified for similar jobs, Sign up to receive job alerts, Enter Email address (Required), By checking this box, I consent to receive transactional and marketing text messages regarding employment opportunities., I have read and accept the privacy policy and terms of use. *, By checking this box, I agree to receive emails from PPG about employment opportunities. *","PROPÓSITO FUNDAMENTAL: Impulsar la excelencia en la gestión de la demanda y el abastecimiento, diseñando, desarrollando e implementando procesos, modelos y planes de acción que garanticen la disponibilidad óptima de productos y materias primas de FG. El rol lidera la optimización integral de la red de suministro, fortaleciendo la eficiencia, resiliencia y competitividad de la cadena mediante el diseño de procesos de planificación y la identificación, propuesta e implementación de soluciones tecnológicas de alto impacto. Su gestión asegura un flujo operacional robusto, alineado con las necesidades del negocio y orientado a un cumplimiento eficiente y oportuno de la demanda. RESPONSABILIDADES: Administrar un presupuesto de capital de trabajo superior a 10 MM USD. Liderar al equipo de Oferta en la Región Andina y garantizar la disponibilidad oportuna del producto. Asegurar que la información de suministro sea precisa y disponible, liderar la ejecución de acciones y cambios de prioridad provenientes de variaciones en el plan debido al mercado y la oferta limitada a través de los procesos de suministro. Suministrar información de acuerdo a los procesos de negocio. Asegurar la correcta ejecución del plan que se construyó con el resto de las áreas de la cadena de suministro. Ejecutar, sostener y mejorar continuamente la estrategia del Plan de Ventas y Operaciones de acuerdo con los lineamientos regionales y globales. Garantizar que el sistema de seguimiento y mediciones clave del rendimiento esté implementado y monitoreado constantemente para mejorar continuamente y aumentar la eficiencia. Integración y alineación regional de calendarios, procesos y herramientas de desarrollo de nuevos productos, ventas, marketing, finanzas, planificación de oferta y demanda. Gestionar la planificación de suministros basada en inventarios, planes de suministro globales, pronósticos de ventas y existencias de seguridad para garantizar un suministro fluido al negocio. Gestionar los inventarios comprados de FG y RM para la Región Andina para garantizar el cumplimiento de los requisitos comerciales y las políticas de inventario, y tratar los planes y prioridades para las diferentes funciones de la Cadena de Suministro; dando visibilidad y escalando el riesgo y las prioridades. Asegurar el estado del inventario, eliminar la obsolescencia y optimizar el WC de los productos adquiridos manteniendo al mismo tiempo el más alto nivel de servicio. Facilitar y asegurar los procesos de suministro, visibilidad y seguimiento de nuevos proyectos para garantizar el lanzamiento exitoso y oportuno de nuevos productos."
PPG,REF Expert Field Trainer,REF Expert Field Trainer,,"Cheonan, Chungcheongnam-do, Korea, Republic of Automotive Refinish Category Sales",,,Full Time,https://careers.ppg.com/us/en/job/JR263338/REF-Expert-Field-Trainer,"Our employee benefits programs are designed to support the health and well-being of our employees. Any insurance coverages and benefits will be in accordance with the terms and conditions of the applicable plans and associated governing plan documents. Benefits will be discussed with you by your recruiter during the hiring process., PPG values your feedback on our recruiting process. We encourage you to visit Glassdoor.com and provide feedback on the process, so that we can do better today than yesterday., Explore Location, Apply Now, Save job, Get notified for similar jobs, Sign up to receive job alerts, Enter Email address (Required), By checking this box, I consent to receive transactional and marketing text messages regarding employment opportunities., I have read and accept the privacy policy and terms of use. *","Through leadership in innovation, sustainability and color, PPG helps customers in industrial, transportation, consumer products, and construction markets and aftermarkets to enhance more surfaces in more ways than does any other company. To learn more, visit www.ppg.com and follow @PPG on X."
PPG,Doradca Klienta (m/f/d),Doradca Klienta (m/f/d),,"Warszawa, Masovian, Poland Architectural EMEA Category Sales",,,Full Time,https://careers.ppg.com/us/en/job/JR263436/Doradca-Klienta-m-f-d,"Our employee benefits programs are designed to support the health and well-being of our employees. Any insurance coverages and benefits will be in accordance with the terms and conditions of the applicable plans and associated governing plan documents. Benefits will be discussed with you by your recruiter during the hiring process., PPG values your feedback on our recruiting process. We encourage you to visit Glassdoor.com and provide feedback on the process, so that we can do better today than yesterday., Explore Location, Apply Now, Save job, Get notified for similar jobs, Sign up to receive job alerts, Enter Email address (Required), By checking this box, I consent to receive transactional and marketing text messages regarding employment opportunities., I have read and accept the privacy policy and terms of use. *","Dołącz do naszego zespołu w wyjątkowym miejscu, gdzie kolor i design spotykają się z profesjonalizmem! W Sklepie PPG przy ul. Jana Kasprowicza w Warszawie pomagamy klientom tworzyć piękne wnętrza, doradzamy w wyborze kolorów i produktów, a także współpracujemy z architektami i dekoratorami. Jeśli masz zmysł estetyczny, lubisz kontakt z ludźmi i chcesz rozwijać się w branży dekoracyjnej – ta oferta jest dla Ciebie!"
PPG,Stagiair,Stagiair,lid,"Leeuwarden, Friesland, Netherlands Architectural EMEA Category HR, Corporate",,,Part Time,https://careers.ppg.com/us/en/job/JR263793/Stagiair,"Our employee benefits programs are designed to support the health and well-being of our employees. Any insurance coverages and benefits will be in accordance with the terms and conditions of the applicable plans and associated governing plan documents. Benefits will be discussed with you by your recruiter during the hiring process., PPG values your feedback on our recruiting process. We encourage you to visit Glassdoor.com and provide feedback on the process, so that we can do better today than yesterday., Explore Location, Apply Now, Save job, Get notified for similar jobs, Sign up to receive job alerts, Enter Email address (Required), By checking this box, I consent to receive transactional and marketing text messages regarding employment opportunities., I have read and accept the privacy policy and terms of use. *",MBO Commercieel / (Junior) Accountmanagement / Commercieel Medewerker
PPG,Inventory Control Clerk,Inventory Control Clerk,"as an Inventory Coordinator on-site at the Strongsville, OH facility","Strongsville, Ohio, United States of America Automotive Refinish Category Supply Chain",,On-Site,Full Time,https://careers.ppg.com/us/en/job/JR264163/Inventory-Control-Clerk,"Oracle experience, Must be a U.S. Citizen","PPG is looking for a customer-focused individual to join the Refinish ColorIT Distribution Team as an Inventory Coordinator on-site at the Strongsville, OH facility. You will report to the Refinish Logistics and Distribution Manager and coordinate procurement and delivery of critical digital tools to support end-users of PPG Refinish products. You will contribute to target stocking levels, and make important decisions regarding quantity and timing for purchases from suppliers. This critical role helps to ensure new shops are converted and enables existing shops to return to operation quickly after equipment failure."
PPG,Sales Intern,Sales Intern,,"Shanghai, Shanghai, China Category Sales",,,Intern,https://careers.ppg.com/us/en/job/JR264459/Sales-Intern,"Our employee benefits programs are designed to support the health and well-being of our employees. Any insurance coverages and benefits will be in accordance with the terms and conditions of the applicable plans and associated governing plan documents. Benefits will be discussed with you by your recruiter during the hiring process., PPG values your feedback on our recruiting process. We encourage you to visit Glassdoor.com and provide feedback on the process, so that we can do better today than yesterday., Explore Location, Apply Now, Save job, Get notified for similar jobs, Sign up to receive job alerts, Enter Email address (Required), By checking this box, I consent to receive transactional and marketing text messages regarding employment opportunities., I have read and accept the privacy policy and terms of use. *",市场与竞品调研 考察本地内墙涂料市场的竞争格局，重点关注主流进口及国产品牌的市场表现； 收集竞争对手在本地的产品组合、价格策略、促销活动、门店形象、油工合作模式及消费者口碑等具体信息，形成竞品动态简报。 零售与家装渠道考察： 走访PPG合作的高端建材零售门店及当地家装公司、整装平台、配送服务商，核查产品陈列、价格标识、库存、促销执行及合作落地情况，并同步记录竞品在相关渠道的布局与表现。 信息整合与反馈 定期汇总渠道透明度数据与市场洞察，建立基础档案，参与周度/月度复盘会议，并提出优化建议。 二、岗位要求
PPG,Technical Service Representative,Technical Service Representative,s to resolve issues,"Samut Prakan, Thailand Industrial Coatings Category R",,On-Site,Full Time,https://careers.ppg.com/us/en/job/JR261850/Technical-Service-Representative,"Work collaboratively in a team environment., Experience interpreting and responding to customer questions and requests., Valid driver's license and own vehicle required.","You will provide technical support to customers, with a focus on new color trials, troubleshooting, and technical service support for motorcycle coatings. You will report directly to Technical Service Rep, Lead."
PPG,Attaché Technico-Commercial H/F,Attaché Technico-Commercial H/F,,"Guipavas, Finistere, France Architectural EMEA Category Sales",,,Full Time,https://careers.ppg.com/us/en/job/JR262145/Attaché-Technico-Commercial-H-F,"Diplômé(e) d’une formation avec une spécialité technique ou commerciale., Vous justifiez d’une expérience professionnelle réussie à un poste similaire, idéalement acquise dans le secteur de la distribution négoce auprès d’une clientèle de professionnels du second œuvre / du bâtiment., Vous aimez les challenges et êtes animé(e) par l’atteinte des résultats. Nous attendons de vous une aisance relationnelle et d’excellentes capacités de négociations commerciales !, Vous êtes reconnu(e) pour votre facilité à prioriser, gérer votre temps et vous êtes à l’aise avec les chiffres et les outils informatiques (Pack Office, CRM…), Ce que nous offrons, Rémunération : package salarial aligné sur l’expérience et les standards du marché, Salaire de base à partir de 30 000€ bruts (12 mois), Variable sur objectifs, Tickets Restaurants, Véhicule de fonction & Package Itinérant","Le Comptoir Seigneurie Gauthier (170 magasins, 1000 collaborateurs), réseau intégré du Groupe PPG, N°1 Français de la vente de peintures et de produits de décoration aux professionnels, renforce ses équipes et recrute pour le secteur de Brest avec des déplacements à prévoir dans un périmètre de 40-50km."
PPG,Finance and Accounting Intern,Finance and Accounting Intern,al teams to gather information and resolve queries,"Shah Alam, Selangor, Malaysia Finance Category HR, Corporate",,,Intern,https://careers.ppg.com/us/en/job/JR262189/Finance-and-Accounting-Intern,"Positive mindset, proactive, keen to learn and a strong team player.","We are looking for self-driven curious and detail-oriented Finance and Accounting Intern who is eager to learn practical knowledge. This role provides exposure to core finance operations including reconciliations, transaction processing, document management, and continuous process improvements."
PPG,Development Chemist Experienced (f/m/d),Development Chemist Experienced (f/m/d),,Wroc,,,Full Time,https://careers.ppg.com/us/en/job/JR262413/Development-Chemist-Experienced-f-m-d,"Our employee benefits programs are designed to support the health and well-being of our employees. Any insurance coverages and benefits will be in accordance with the terms and conditions of the applicable plans and associated governing plan documents. Benefits will be discussed with you by your recruiter during the hiring process., PPG values your feedback on our recruiting process. We encourage you to visit Glassdoor.com and provide feedback on the process, so that we can do better today than yesterday., Explore Location, Apply Now, Save job, Get notified for similar jobs, Sign up to receive job alerts, Enter Email address (Required), By checking this box, I consent to receive transactional and marketing text messages regarding employment opportunities., I have read and accept the privacy policy and terms of use. *","Chcesz tworzyć rozwiązania, które naprawdę zmieniają rynek? Dołącz do naszego działu S&T AC EMEA jako Development Chemist Experienced i wejdź do świata, w którym innowacje w chemii spotykają się z realnym wpływem na produkty używane każdego dnia."
PPG,Technical Service and Sales Representative,Technical Service and Sales Representative,"al teams to ensure successful projects and product launches by strengthening customer service and provide expert technical support, resolving issues promptly, and improving line performance","Petaling Jaya, Selangor, Malaysia Industrial Coatings Category R",,,Full Time,https://careers.ppg.com/us/en/job/JR262635/Technical-Service-and-Sales-Representative,"Diploma or higher in Chemical Engineering, Chemistry or equivalent, Minimum 4 years of working experience in coating business., Proficient in English, Effective problem solving and communication skills are required","You will drive business growth through customer development, internal coordination and competitive solutions. You will coordinate with cross‑functional teams to ensure successful projects and product launches by strengthening customer service and provide expert technical support, resolving issues promptly, and improving line performance. It's an exciting role that delivers accurate forecasts, monitor market trends and ensure full compliance with quality and EHS standards."
PPG,"Technical Support Manager, PC","Technical Support Manager, PC",to provide technical support as needed,"Shanghai, Shanghai, China Protective and Marine Ctgs Category Sales",,,Full Time,https://careers.ppg.com/us/en/job/JR262894/Technical-Support-Manager-PC,"Bachelor's degree in chemical engineering or related field, Minimum 5 years working experience in technical support or similar role, Effective communication (both Chinese and English) and presentation skill is required, Industry background is required, such as coatings, equipment or similar knowledge of industry codes, Practices and certification of materials professional qualification such as AMPP, FROSIO or equivalent is preferred, Experience of wind power blade industry is preferred","Technical Support Manager, Protective Coatings, Central China will provide technical support to PC sales central China team. He or she will directly report to Technical Support Manager PC China, and will be based in Shanghai, Jiangsu, or Zhejiang."
PPG,EHS Manager - Aerospace,EHS Manager - Aerospace,delivers the crystal,"Huntsville, Alabama, United States of America EHS / Product Stewardship Category Environmental, Health",,Onsite,Full Time,https://careers.ppg.com/us/en/job/JR263199/EHS-Manager-Aerospace,"Demonstrated experience using EHS metrics, performance dashboards, and trend analysis to identify risks and drive data‑driven decision‑making., Proficiency in EHS Management Systems and familiarity with digital reporting tools or enterprise EHS platforms., #LI-Onsite, PPG offers comprehensive benefits such as Health, Dental, Life, Retirement Plan, Paid Vacation and Holidays, Employee Assistance Program (EAP), Disability/Leave, and other Voluntary benefit offerings.","At PPG's Aerospace Transparencies facility in Huntsville, we don't just make windows—we shape the future of flight. Our team delivers the crystal‑clear, mission‑critical transparencies that protect pilots, enhance performance, and elevate the aviation experience for customers around the world. If you're driven by innovation, energized by complex manufacturing, and inspired by the idea of supporting aircraft that soar through the stratosphere, this is your opportunity to join a team where your impact is as bold and far‑reaching as the skies we help navigate."
PPG,Technical Service Representative - Automotive Coatings,Technical Service Representative - Automotive Coatings,"at automotive production facilities by communicating cross-functionally to understand customer concerns, collecting data, and taking appropriate actions to help resolve customer issues","Warsaw, Indiana, United States of America Automotive OEM Coatings Category R",,Onsite,Full Time,https://careers.ppg.com/us/en/job/JR263623/Technical-Service-Representative-Automotive-Coatings,"Key Responsibilities, Support the ongoing activities of onsite PPG customer team at automotive production facilities by communicating cross-functionally to understand customer concerns, collecting data, and taking appropriate actions to help resolve customer issues., Ensure plant operations are functional and provide the customer with proactive support as needed., Communicate updates to PPG Technical and account management effectively and efficiently., Perform tasks at the direction of the PPG leadership while ensuring Health, Safety, and Environmental protocol is always followed., Provide resolutions to customer inquiries, application process monitoring, inventory monitoring, material ordering, and hands-on support, generating reports as necessary., Effectively explains complex ideas to both technical and non-technical audiences to ensure customer needs are met., Participate in weekly meetings with technical experts to review site projects and activity., Engage daily with customers to provide feedback from collected data; answer questions and provide recommendations as needed., Record weekly inventories and communicate status both externally and internally.","As a Technical Service Representative, you will represent PPG at customer facilities ensuring our Automotive Coatings customer satisfaction by providing outstanding customer service, focusing your concentration on Adhesives & Sealants, Pretreat, and Electrocoat control to customer specifications. You will be responsible for helping to achieve both customer and PPG goals, while participating in continuous improvement and problem-resolution activities with Plant Operations and Management!"
PPG,Global Technology Integration Senior Coordinator,Global Technology Integration Senior Coordinator,of the Senior Global Technology Integration Coordinator is to drive technology Integration activities for the Industrial Segment,"Cleveland, Ohio, United States of America Operations Category Engineering, Quality Job Type Full time Job Id JR264015 Apply Now Save job Back to search results Key Responsibilities The function of the Senior Global Technology Integration Coordinator is to drive technology Integration activities for the Industrial Segment",,,Full Time,https://careers.ppg.com/us/en/job/JR264015/Global-Technology-Integration-Senior-Coordinator,"Demonstrated technical expertise in product attributes and customer requirements. Possession of strong scientific knowledge, sound technical judgment and trained in the use of statistical tools like Six Sigma Greenbelt or the ability to obtain this training within six months after being hired. Demonstrated above average job performance and a proven track record of success in coatings related projects. Demonstrated capability in design of experiment (DoE) methodology, project management, data analysis, and basic financial and business case analysis are desired., Excellent interpersonal, written and verbal communication and presentation skills are required., Candidates must be fluent in English., This is a global position but based in the Americas. Ability to travel up to 30% of the time is expected., PPG offers excellent Medical, Dental, & Vision Benefits; matching 401k + retirement savings; and Paid Vacation, Holiday pay. The base salary for this position is between $88,500 and $118,000.","The function of the Senior Global Technology Integration Coordinator is to drive technology Integration activities for the Industrial Segment. The primary responsibility of this role is to lead the introduction of existing and new products from around the globe and inject them into new advanced manufacturing processes. Beyond the precise execution of these transfers, there is an additional responsibility to align global technical and operations processes to reduce cost and complexity and to optimize our manufacturing footprint. Projects include global technology transfers, process improvement, and complexity reduction."
PPG,"Workday Application Developer Specialist, HR IT","Workday Application Developer Specialist, HR IT",al/technical requirements and specifications,"Pittsburgh, Pennsylvania, United States of America Information Technology Category Digital",,Remote,Full Time,https://careers.ppg.com/us/en/job/JR264667/Workday-Application-Developer-Specialist-HR-IT,"Our employee benefits programs are designed to support the health and well-being of our employees. Any insurance coverages and benefits will be in accordance with the terms and conditions of the applicable plans and associated governing plan documents. Benefits will be discussed with you by your recruiter during the hiring process., PPG values your feedback on our recruiting process. We encourage you to visit Glassdoor.com and provide feedback on the process, so that we can do better today than yesterday., Explore Location, Apply Now, Save job, Get notified for similar jobs, Sign up to receive job alerts, Enter Email address (Required), By checking this box, I consent to receive transactional and marketing text messages regarding employment opportunities., I have read and accept the privacy policy and terms of use. *","WORKDAY APPLICATION DEVELOPER SPECIALIST, HR IT"
PPG,Territory Manager,Territory Manager,s,which allows us to compensate employees competitively in different geographic markets,,,Full Time,https://careers.ppg.com/us/en/job/JR2518870/Territory-Manager,"Sales experience is preferred, A strong emphasis on customer service is required, Proficiency in technical knowledge of refinish & Industrial paint products and application techniques is desirable, Having prior experience with competitor products can be advantageous, Possessing a trade qualification in spray painting and refinish industry is desirable. Additionally, having negotiation and presentation skills is important, What We Offer, Opportunities for development and long-term career progression, Access to corporate discounts, including WhereFit, that provide wellness benefits to our employees, Give back to local communities with our PPG Colourful communities program, PPG Recognition programs","PPG is an American Fortune 500 company and global supplier of paints, coatings, and specialty materials. We are currently seeking a Territory Manager to be based out of our Welshpool site. The successful candidate will be responsible for maximizing the sales and profitability of PPG Architectural Coatings products in the retail sector. By driving the expansion of key customers and identifying new business opportunities, you will contribute to the overall growth and profitability of PPG across its surrounding areas."
PPG,Lab Technician,Lab Technician,Lead,"Oak Creek, Wisconsin, United States of America Science",,Onsite,Full Time,https://careers.ppg.com/us/en/job/JR2519179/Lab-Technician,"You will work onsite at our Oak Creek, WI facility and report to the General Finishes Team Lead., PPG offers excellent Medical, Dental, & Vision Benefits; matching 401k + retirement savings; and Paid Vacation, Holiday pay., Key Responsibilities, Follow all PPG EH&S and safety guidelines., Preparation and application of liquid coating products and testing of these coatings against different specifications and customer requirements., Independently plan tasks following a discussion of goals and procedures with the supervisor., Observe unusual results and suggest possible root causes., Make smooth transitions between projects or situations., Build on past experiences to improve efficiency., Seek additional assignments.","As a General Finishes Lab Technician, you will provide different technical activities to support professional engineering and scientific activities. As an experienced lab technician, you will work independently or in concert with chemists and professional engineers or project leaders to plan, construct, test and document assignments involving the use of learned skills in a particular field of engineering or science. Ideally, experienced lab technicians are expected to operate with minimal supervision and independently plan and execute all aspects of an experiment following a discussion with the supervisor."
PPG,Account Manager,Account Manager,,"Jinan, Shandong, China Automotive OEM Coatings Category Sales",,,Full Time,https://careers.ppg.com/us/en/job/JR2519259/Account-Manager,"教育背景：统招本科及以上学历，化学、化工、材料学、高分子材料等相关专业。, 工作经验：具备5年以上涂料行业经验，了解涂料及销售模式，有涂料、油墨、胶粘剂等化工材料行业销售经验者优先。拥有商用车、客车、工程机械等制造行业客户资源或销售经验者高度优先。, 核心能力：出色的客户开发与关系管理能力：能独立开拓并维护大型企业客户，具备商务谈判技巧。技术理解力：能够理解产品技术要点，与客户技术、质量部门进行有效沟通。英语能力：具备简单的英语沟通能力，可阅读并撰写英文工作邮件，能看懂技术资料（TDS/MSDS等）。抗压与自驱力：能适应经常性出差，目标导向，在压力下保持高执行力。, 其他：持有C1驾照，能熟练驾驶车辆。",作为客户经理，你将会管理负责山东区域核心战略客户的全面维护与深度开发，重点服务中国重汽、中通客车、山东五征等主机厂及其关联体系客户。你将汇报给销售经理。你的工作地点将会在山东。
PPG,Key Account Manager,Key Account Manager,"al managers to identify business opportunities, nurture customer relationships, and support marketing plan initiatives","Taikoo Shing, Hong Kong Island, Hong Kong Protective and Marine Ctgs Category Sales",,,Full Time,https://careers.ppg.com/us/en/job/JR262040/Key-Account-Manager,"Our employee benefits programs are designed to support the health and well-being of our employees. Any insurance coverages and benefits will be in accordance with the terms and conditions of the applicable plans and associated governing plan documents. Benefits will be discussed with you by your recruiter during the hiring process., PPG values your feedback on our recruiting process. We encourage you to visit Glassdoor.com and provide feedback on the process, so that we can do better today than yesterday., Explore Location, Apply Now, Save job, Get notified for similar jobs, Sign up to receive job alerts, Enter Email address (Required), By checking this box, I consent to receive transactional and marketing text messages regarding employment opportunities., I have read and accept the privacy policy and terms of use. *","Through leadership in innovation, sustainability and color, PPG helps customers in industrial, transportation, consumer products, and construction markets and aftermarkets to enhance more surfaces in more ways than does any other company. To learn more, visit www.ppg.com and follow @PPG on X."
PPG,PMC - Key Account Manager - Egypt,PMC - Key Account Manager - Egypt,al teams to deliver exceptional customer service,"Cairo, Egypt Protective and Marine Ctgs Category Sales",,,Full Time,https://careers.ppg.com/us/en/job/JR262060/PMC-Key-Account-Manager-Egypt,"Our employee benefits programs are designed to support the health and well-being of our employees. Any insurance coverages and benefits will be in accordance with the terms and conditions of the applicable plans and associated governing plan documents. Benefits will be discussed with you by your recruiter during the hiring process., PPG values your feedback on our recruiting process. We encourage you to visit Glassdoor.com and provide feedback on the process, so that we can do better today than yesterday., Explore Location, Apply Now, Save job, Get notified for similar jobs, Sign up to receive job alerts, Enter Email address (Required), By checking this box, I consent to receive transactional and marketing text messages regarding employment opportunities., I have read and accept the privacy policy and terms of use. *",We are seeking an experienced Key Account Manager to drive business growth and manage key customer relationships across Egypt.
PPG,Digital Product Management,Digital Product Management,is leading PPG and the coatings industry through an evolution in PPG,"Pittsburgh, Pennsylvania, United States of America Digital Category Digital",,Hybrid,Full Time,https://careers.ppg.com/us/en/job/JR262223/Digital-Product-Management,"2–5 years of experience in product management, product ownership, business analysis (BA), or software development roles. Alternatively, you may have 2-5 years of experience in mechanical product design or engineering roles, with experience in the CAD software ecosystem., Bachelor's degree in Computer Science, Software Engineering, Information Systems, or related field, Exposure to software development or digital product teams (agile or hybrid environments), Demonstrated curiosity and willingness to learn complex domains (engineering workflows, materials, chemistry), #LI-Hybrid",PPG's Digital team is leading PPG and the coatings industry through an evolution in PPG's business strategies and structure - to capture opportunities enabled by digital technologies and provide amazing customer experiences while unlocking new revenue streams and reaching new customers.
PPG,Sales Assistant,Sales Assistant,,"Edinburgh, Midlothian, United Kingdom Architectural EMEA Category Sales",,,Full Time,https://careers.ppg.com/us/en/job/JR262366/Sales-Assistant,"Previous experience in a customer facing environment is desirable, Good communications skills with a positive customer focusses attitude, Good understanding of IT systems, Flexibility towards working hours and duties, Driving license in desirable but not essential, At PPG, we use AI in the hiring process to make it more efficient. AI tools do not make hiring decisions. You can learn more by visiting https://careers.ppg.com/us/en/candidate-resources., #WeAreHiringPPGUK",Edinburgh (Peffer Place) Johnstone’s Decorating Centre
PPG,Process Engineer - 12 Month FTC,Process Engineer - 12 Month FTC,al teams and build good working relationships with others,"Shildon, Durham, United Kingdom Aerospace Products Category Engineering, Quality Job Type Full time Job Id JR264000 Apply Now Save job Back to search results Process Engineer 12 Month FTC Shildon FTC",,,Full Time,https://careers.ppg.com/us/en/job/JR264000/Process-Engineer-12-Month-FTC,"Self-motivated and possess strong interpersonal skills., Knowledge of health and safety in the workplace, Good IT knowledge and skills (Microsoft Office- Excel, PowerPoint, Word, Project Outlook, etc), Excellent organisational skills and a flexible approach while working in multiple projects, Good communication and interpersonal skills along with the ability to influence and motivate staff, Able to follow PPG and departmental procedures, Experience and Qualifications, A degree in Chemistry, Chemical Engineering or relevant science related subject., Experience of leading improvement projects and problem solving (Desirable)., Experience of collecting and analysing complex set of data (Desirable).","As a Process Engineer, you will support the delivery of new or modified processes and minimise process losses and waste whilst upholding health and safety awareness in a high-volume laboratory and production environment."
PPG,Production Operator (Rotational Shifts),Production Operator (Rotational Shifts),,"Monroeville, Pennsylvania, United States of America Operations Category Manufacturing Job Type Full time Job Id JR264337 Apply Now Save job Back to search results As a Production Operator (Rotational Shifts) at PPG",,Onsite,Full Time,https://careers.ppg.com/us/en/job/JR264337/Production-Operator-Rotational-Shifts,"Strong problem solving, initiative, and knowledge of PC applications., Ability to lift up to 50 pounds on a consistent basis throughout the day., Must be able to stand, bend, crouch, kneel throughout the day, use basic tools, operate a Forklift or ability to learn to do so, and climb ladders to reach equipment/parts/storage., Ability to work overtime as needed.","As a Production Operator (Rotational Shifts) at PPG's Monroeville Research & Development, you will be a crucial part of our Specialty Synthesis Group (SSG) operations. You will be responsible for process development and manufacturing of photochromic dyes, OLED (Organic Light Emitting Diode) materials and optical coatings, ensuring that a quality product is available to our customers when they need them. Your work will directly affect people's lives!"
PPG,Aerospace Transparencies - Senior Quality Engineer,Aerospace Transparencies - Senior Quality Engineer,al teams,"Huntsville, Alabama, United States of America Aerospace Products Category Engineering, Quality Job Type Full time Job Id JR264705 Apply Now Save job Back to search results Aerospace Transparencies - Senior Quality Engineer Huntsville, AL Are you a Senior Quality Engineer who is ready to take their career to new heights",,Onsite,Full Time,https://careers.ppg.com/us/en/job/JR264705/Aerospace-Transparencies-Senior-Quality-Engineer,"Bachelor’s degree in engineering or related discipline, or equivalent experience required., Eight (8) or more years of aerospace or similar environmental quality engineering experience required., Six Sigma, CQE, or similar certifications are preferred., Only U.S. Citizens, Green Card holders, and political asylees or refugees are eligible to apply., #LI-Onsite, PPG offers comprehensive benefits such as Health, Dental, Life, Retirement Plan, Paid Vacation & Holidays, Employee Assistance Program (EAP), Disability/Leave, and other Voluntary benefit offerings. Actual benefit offerings confirmed at the time of hire., All offer amounts are dictated by length/breadth of applicable experience and current departmental pay equity.",Aerospace Transparencies - Senior Quality Engineer
PPG,"S&T Intern, Analytical Science","S&T Intern, Analytical Science",", participate in analytical work and be a part of PPG","Tianjin, Tianjin, China Science",,,Intern,https://careers.ppg.com/us/en/job/JR2519096/S-T-Intern-Analytical-Science,"具备扎实的分析化学、有机化学等专业知识，动手能力强，实验操作严谨细致。对工作高度负责，具备良好的安全意识。, Basic English reading proficiency to use technical documentation., 具备基础的英文阅读能力以查阅技术资料。, A collaborative mindset., 具备良好的团队合作精神, Strong logical thinking; enthusiasm for exploring new technologies and willingness to take on challenges., 具备良好的逻辑思维能力和问题解决技巧，热爱探索新技术，勇于接受挑战。, Experience with data batch-processing tools (e.g., Excel, Python, R, or similar) is preferred., 善于使用数据批量处理工具者优先。, Available for an internship duration of 6 months or longer (4-5 days/week) is preferred.","As an S&T Intern, Analytical Science, you will join our GCIC (Global Coating Innovation Center) Analytical lab team, participate in analytical work and be a part of PPG's business. You will report to S&T Research Assistant Manager. Your working location will be in Tianjin."
PPG,Digital Adoption and Workplace Experience Product Owner Lead,Digital Adoption and Workplace Experience Product Owner Lead,across the enterprise,"Pittsburgh, Pennsylvania, United States of America Information Technology Category Digital",,,Full Time,https://careers.ppg.com/us/en/job/JR261008/Digital-Adoption-and-Workplace-Experience-Product-Owner-Lead,"Bachelor's degree in information technology, Computer Science or a related field., 6+ years of experience in IT, digital workplace, product ownership, or digital adoption roles., 4+ years of people management experience leading teams or functional groups.","PPG is hiring a Digital Adoption and Workplace Experience Product Owner Lead to join our Digital team! The Digital Adoption & Workplace Experience Product Owner Lead is an experienced leader within the IT Change Management & Communications organization. You will have end-to-end accountability for the enterprise adoption roadmap. You will also be responsible for Copilot implementations and training. Additionally, you will define and governs the emerging Copilot Agents ecosystem. This includes shaping how we structure, govern, and scale this new area across the enterprise. You will operate at the intersection of product ownership, technical understanding of platforms, digital adoption, and enterprise change leadership."
PPG,Engineering and Construction Project Analyst,Engineering and Construction Project Analyst,"s You will ensure compliance with STPS regulations, internal standards, Civil Protection, Asset Security, Environmental, Safety, Health, and Hygiene requirements You will support Internal customers","Tultitlan, M",,Onsite,Full Time,https://careers.ppg.com/us/en/job/JR261056/Engineering-and-Construction-Project-Analyst,"English: Ability to understand technical documents, You will have benefits: Health Insurance, Life Insurance.","As an Engineering and construction project analyst you will support the planning, execution, and follow-up of projects related to infrastructure, maintenance, productivity, and regulatory compliance within the Distribution Centers."
PPG,"Senior Quality Engineer, Military","Senior Quality Engineer, Military",al teams and customers to meet quality expectations and support audits or reviews,"Sylmar, California, United States of America Aerospace Products Category Engineering, Quality Job Type Full time Job Id JR261837 Apply Now Save job Back to search results As a Senior Quality Engineer within PPG",,Onsite,Full Time,https://careers.ppg.com/us/en/job/JR261837/Senior-Quality-Engineer-Military,"Bachelor's degree in Engineering, Science, or a related technical discipline., 5+ years of relevant experience in quality, manufacturing, or engineering roles., Experience with AS9100, FAA regulations, and core quality engineering tools (RCCA, SPC, MSA)., Demonstrated experience conducting technical reviews, interpreting engineering drawings, and managing configuration control., Experience analyzing process variation, interpret metrics, and apply data-driven methods to improve quality performance., Only U.S. Citizens, Green Card holders, and political asylees or refuges are eligible to apply., You must have or be eligible to obtain security clearance., Familiarity with aerospace transparency materials and associated optical performance standards preferred., Professional certifications such as CQE, AS9102, Six Sigma Green Belt/Black Belt, or equivalent preferred., Knowledge of FAA PMA processes, OEM quality/engineering flow-down requirements, or aircraft certification practices preferred.","As a Senior Quality Engineer within PPG's Aerospace Business, you will help support the design, production, and sustainment of advanced aerospace transparency products—including windshields, windows, and canopies. You will work with directly with military programs."
PPG,Store Manager,Store Manager,"work, promoting engagement and offering solutions","Kedron, Queensland, Australia Architectural Coatings Category Sales",,,Full Time,https://careers.ppg.com/us/en/job/JR261995/Store-Manager,"· Tinting & mixing paint, palletising paint drums, arranging orders for delivery & colour matching, · Deliveries using the Store vehicle, · Inventory, ordering, stock replenishment, · Assisting to grow store revenue and targets and hitting KPI’s, · Maximising the sales approach to focus on the features and benefits of PPG products, · Assisting to implement marketing and promotional plans to maximise sales potential, · Maintain and continue development of customer relationships. Offering advice/solutions to customers, both trade and retail, · Operate point of sale system and prepare sales invoices following company policy, · Assist to achieve and adhere to store standards, including EHS, training & housekeeping, · Uphold and maintain the highest levels of safety for all team, customers & contractors","Step into a world of paint, colour, and innovation with PPG’s Australia and New Zealand Architectural business. As a global leader, we transform spaces across the region with trusted brands including Taubmans, White Knight and Johnstone’s in Australia and PPG Paints in New Zealand."
PPG,Colour Administrator Leader,Colour Administrator Leader,"and be responsible for initiating, prioritising, and finalising jobs through the Clayton Colour Lab","Clayton, Victoria, Australia Science",,,Full Time,https://careers.ppg.com/us/en/job/JR262340/Colour-Administrator-Leader,"Strong attention to detail and accuracy, with a demonstrated ability to manage multiple tasks and priorities in a fast-paced environment., Knowledge of automotive refinish paint systems and color matching processes is preferred., Ability to work independently as well as part of a team, with a proactive and problem-solving mindset., Flexibility to adapt to changing priorities and business needs, with a commitment to continuous learning and improvement., What We Offer, Opportunities for development and long-term career progression., Performance based incentive schemes., Access to corporate discounts, including WhereFit, that provide wellness benefits to our employees., Give back to local communities with our PPG Colourful communities program., PPG Recognition programs.","At PPG, we protect and beautify the world. As a global leader in paints, coatings, and materials, we’re proud to deliver innovation and performance that help our customers make their mark. Our specialist Refinish business supports a range of industries, including Automotive, Commercial Transport, Defence and Light Industrial, throughout Australia and New Zealand."
PPG,Quality Engineer,Quality Engineer,s to determine cause and develop corrective actions to prevent future reoccurrences,"New Albany, Ohio, United States of America Automotive Refinish Category Engineering, Quality Job Type Full time Job Id JR263629 Apply Now Save job Back to search results As a Quality Engineer you will report to the Global Quality Director of PPG Advanced Surface Technologies",,Onsite,Full Time,https://careers.ppg.com/us/en/job/JR263629/Quality-Engineer,"Bachelor's degree in engineering or related field, Minimum of 3 years of experience within a technical quality field or an equivalent environment., Certified Lead Auditor for ISO-9001 or IATF-16949., Expert in the use of AIAG Core Tools, (APQP, FMEA, Control Plan, SPC, PPAP), Experience in Tier 1/OEM automotive industry., Certified Quality Engineer (CQE) or Certified Quality Auditor (CQA)., Experience with Lean and other CI methodologies., Domestic and international travel required up to 20%, #LI-Onsite, #LI-PRT1","As a Quality Engineer you will report to the Global Quality Director of PPG Advanced Surface Technologies. Main aspects of the role include improving and implementing business processes, investigating quality problems discovered by customers and lead problem solving teams to determine cause and develop corrective actions to prevent future reoccurrences. You will also develop and implement quality methodologies to transform the workspace from a reactionary organization to an organization. PPG Advanced Surface Technologies designs, produces and commercialize different film technologies including paint protection films and paint films for different uses including Automotive OEM and Automotive aftermarket applications."
PPG,"Color Technologist, Entry Level","Color Technologist, Entry Level","Manager, will prepare color samples for evaluation and formulation in support of the Auto Tiers team","Oak Creek, Wisconsin, United States of America Science",,Onsite,Full Time,https://careers.ppg.com/us/en/job/JR264799/Color-Technologist-Entry-Level,"Bachelor's degree in Science or related field and/or equivalent combination of education and/or experience in a related field., 1+ years of color experience, Must pass a color-blindness test., #LI-onsite","The Automotive Parts and Accessories organization with PPG has an excellent opportunity to join its team! The Color Technologist, Entry Level reporting to the Color Team Manager, will prepare color samples for evaluation and formulation in support of the Auto Tiers team. Primary duties include mixing wet paint, spraying paint samples, testing and adjusting color samples, and learning the methodology and art of color formulation. Are you a strong collaborator with initiative and curiosity about starting a career in color? Apply today!"
PPG,Sales Assistant w/Driving,Sales Assistant w/Driving,,"Slough, Berkshire, United Kingdom Architectural EMEA Category Sales",,,Full Time,https://careers.ppg.com/us/en/job/JR265171/Sales-Assistant-w-Driving,"Previous experience in a customer facing environment is desirable, Good communications skills with a positive customer focusses attitude, Good understanding of IT systems, Flexibility towards working hours and duties, Driving license is ESSENTIAL, #WeAreHiringPPGUK","We now have an exciting, permanent vacancy for a Sales Assistant within our Architectural Coatings division. We’re looking for a customer focused individual to become a key member of our friendly and supportive team. Previous experience in a customer facing environment and a good understanding of IT systems is desirable, but not essential, as we will support you all along the way with in-store training."
PPG,Store Manager - Hove,Store Manager - Hove,,"Hove, East Sussex, United Kingdom Architectural EMEA Category Sales",,,Full Time,https://careers.ppg.com/us/en/job/JR265173/Store-Manager-Hove,"Demonstrates the ability to stay calm and composed when dealing with difficult situations., Flexibility in attitude towards both working hours and duties, providing cover for the other Decorating Centres in the Zone as required., #WeAreHiringPPGUK","As a Store Operations Manager within our Johnstone's Decorating Centre, you will lead from the front. With responsibility for driving and growing sales, you will ensure that all operating standards achieve the expected level of excellence."
PPG,Plant Manager,Plant Manager,s,"Kansas City, Kansas, United States of America Operations Category Manufacturing Job Type Full time Job Id JR2515831 Apply Now Save job Back to search results As the Plant Manager, you will oversee all operations of the plant, ensuring efficient production, compliance with industry standards and plant-wide safety, quality, delivery, and cost goals",,On-Site,Full Time,https://careers.ppg.com/us/en/job/JR2515831/Plant-Manager,"Bachelor's degree in Engineering, Operations Management, or related field, 10+ years experience managing plant operations and large teams., Experience with chemical manufacturing","As the Plant Manager, you will oversee all operations of the plant, ensuring efficient production, compliance with industry standards and plant-wide safety, quality, delivery, and cost goals. You will identify and lead continuous improvement projects. You will be on-site and will report to the Director of IS Operations."
PPG,Account Manager,Account Manager,", you will report to the Residential Sales Manager and the role will be based on the Gold Coast","Morningside, Queensland, Australia Architectural Coatings Category Sales",,,Full Time,https://careers.ppg.com/us/en/job/JR2517477/Account-Manager,"You will be open, honest and be authentic in your dealings, A proven record in building new relationships, or accounts and growing existing business, Current Driver’s license, What We Offer, Opportunities for development and long-term career progression., Access to corporate discounts, including WhereFit, that provide wellness benefits to our employees., Give back to local communities with our PPG Colourful communities program., PPG Recognition programs., Generous discounts on PPG products through our company owned store network., If you are someone who wants to lead change and enjoys working with a team, apply today!","PPG is an American Fortune 500 company and global supplier of paints, coatings, and specialty materials. We are currently seeking an Account Manager to join our Residential team."
PPG,Store Assistant,Store Assistant,dat bruist van energie,"Utrecht, Utrecht, Netherlands Architectural EMEA Category Sales",,,Full Time,https://careers.ppg.com/us/en/job/JR2517738/Store-Assistant,"Our employee benefits programs are designed to support the health and well-being of our employees. Any insurance coverages and benefits will be in accordance with the terms and conditions of the applicable plans and associated governing plan documents. Benefits will be discussed with you by your recruiter during the hiring process., PPG values your feedback on our recruiting process. We encourage you to visit Glassdoor.com and provide feedback on the process, so that we can do better today than yesterday., Explore Location, Apply Now, Save job, Get notified for similar jobs, Sign up to receive job alerts, Enter Email address (Required), By checking this box, I consent to receive transactional and marketing text messages regarding employment opportunities., I have read and accept the privacy policy and terms of use. *",Word onze nieuwe Store Assistant bij het Sigma Service Center in Utrecht!
PPG,"Manager, National Accounting Sweden, Finland & Norway","Manager, National Accounting Sweden, Finland & Norway",", ensuring adherence to local regulations and US GAAP standards","Stockholm, Stockholm County, Sweden Finance Category Accounting",,,Full Time,https://careers.ppg.com/us/en/job/JR2518674/Manager-National-Accounting-Sweden-Finland-Norway,"Minimum 4–5 years in finance, including tax and general accounting., Experience in statutory accounting, tax compliance, and audit coordination., Degree in Accounting, Finance, or Business Administration (advanced degree or professional qualification is an advantage)., Fluent in Swedish and English, both written and spoken, with the ability to conduct business communication on a daily professional level., Be in the office in Stockholm at least 3 days per week., Good to have, Leadership experience, 2 or more years of experience in a Big Four company, Knowledge of Microsoft Dynamics Ax or SAP, #LI-PRT1","As a Manager, National Accounting Sweden, Finland & Norway, you will lead statutory accounting and tax compliance for all entities in own responsibility area, ensuring adherence to local regulations and US GAAP standards. You will be the main contact for external auditors and tax authorities, while supporting PPG EMEA functions such as Tax, Treasury and Controllership."
PPG,Taubmans Sales Assistant,Taubmans Sales Assistant,on a full-time basis at the Taubman,"Wetherill Park, New South Wales, Australia Architectural Coatings Category Sales",,,Full Time,https://careers.ppg.com/us/en/job/JR261740/Taubmans-Sales-Assistant,"You will have the flexibility to work on a 38-hour roster between the hours of 6:30 am – 4:30 pm Monday to Friday, with the occasional Saturday shift, You will be comfortable with manual handling as part of your normal day. For example - lifting heavy paint tins, pushing and pulling trolleys, using pallet jacks, standing for long periods, kneeling, loading the ute for paint deliveries, and doing the delivery and unloading on the other side, A valid driver's license is essential, Paint experience is not essential - training is provided, What We Offer, Opportunities for development and long-term career progression., Incentive bonuses based on store performance, Access to corporate discounts, including WhereFit, that provide wellness benefits to our employees, Give back to local communities with our PPG Colourful communities program., PPG Recognition programs",Are you passionate about customer service? Would you like to work in a colourful and inspiring workplace?
PPG,Transaction Coordinator,Transaction Coordinator,"s, record the entry of finished products to the corresponding warehouse, and prepare various reports","Cleveland, Ohio, United States of America Operations Category Supply Chain",,Onsite,Full Time,https://careers.ppg.com/us/en/job/JR262705/Transaction-Coordinator,"High School Diploma or GED required, an associate or bachelor's Degree is highly desired., 1+ years' experience in operations or lean manufacturing., Experience in Microsoft Office and Oracle., Effective written and oral communications are essential to acquire encouraged results and to improve the team concept of the operation.","As the Transaction Coordinator, you will perform a variety of support duties to retain control over finished product inventories. You ensure the supply of raw materials and components to production areas, record the entry of finished products to the corresponding warehouse, and prepare various reports. You help to enable a safe, productive, and 5S dedicated Waterborne operation in a fast-paced environment!"
PPG,Global Product Owner,Global Product Owner,", providing oversight into frontline support, global adoption, user satisfaction, and continuous improvement","Pittsburgh, Pennsylvania, United States of America Corp Purchasing/Distribution Category Supply Chain",,,Full Time,https://careers.ppg.com/us/en/job/JR263404/Global-Product-Owner,"Bachelor’s degree in Business, Supply Chain, Information Systems, or related field (Master’s preferred)., 5+ years of experience in product management, product analyst, or equivalent product roles., Strong understanding of Procure-to-Pay (P2P), Source-to-Contract (S2C), and Supplier, Management processes., Experience with Jaggaer, Coupa, Ariba procurement platforms, or ERP systems preferred., Demonstrated success working in Agile environments., Global Product Owner will assume responsibility for Jaggaer ePro and Air Freight tools. Role will manage the 5 members of the Global Support team and will report directly to me.","The Global Product Owner is responsible for defining and driving the strategic direction, roadmap, and operational excellence of PPG’s Jaggaer ePro and Air Freight products. This role ensures each product delivers measurable business value, aligns with Procurement’s global strategies, and maintains stable, high‑quality operations. The Product Owner also leads the Global Support Team, providing oversight into frontline support, global adoption, user satisfaction, and continuous improvement. Responsibilities"
PPG,Territory Manager Trade Direct,Territory Manager Trade Direct,s will be Nottingham/Sheffield/Derby and Lincoln,"Batley, West Yorkshire, United Kingdom Architectural EMEA Category Sales",,,Full Time,https://careers.ppg.com/us/en/job/JR264094/Territory-Manager-Trade-Direct,"PC literate and numerate, with high attention to detail, Strong commercial awareness and the ability to manage and deliver sales and margin budgets, Intelligent, personable and articulate with strong interpersonal skills, Strong analytical ability and high levels of numeracy, Highly organised, self-managed and self-motivated, Ability to work effectively in a large cross functional team, Strong team player, capable of managing multiple challenges, Full driving licence and willingness to travel within the UK, #WeAreHiringPPGUK",Field Based - Nottingham/Sheffield/Derby/Lincoln
PPG,Aerospace Quality Engineer,Aerospace Quality Engineer,in Avon,"Avon, Massachusetts, United States of America Aerospace Products Category Engineering, Quality Job Type Full time Job Id JR264862 Apply Now Save job Back to search results PPG",,Onsite,Full Time,https://careers.ppg.com/us/en/job/JR264862/Aerospace-Quality-Engineer,"Bachelor's degree in Engineering or related field required., 3+ years of quality engineering-related experience within a manufacturing environment required, preferably within an aerospace / automotive company., Familiarity working within an AS9100 compliant QMS and thorough understanding of AS9102 preferred., Experience with Root Cause and Corrective Action (RCCA) preferred., Availability for occasional (20% or less) travel to suppliers and customers if needed., Only U.S. Citizens, Green Card holders, and political asylees or refugees are eligible to apply. Candidates must have or be eligible to obtain secret clearance., The base salary range for this position is $85,000 to $110,000, with a possibility of an annual bonus up to 7% of base salary. PPG offers comprehensive benefits such as Health, Dental, Life, Retirement Plan, Paid Vacation & Holidays, Employee Assistance Program (EAP), Disability/Leave, and other Voluntary benefit offerings. Actual benefit offerings confirmed at the time of hire., #LI-Onsite","PPG's Aerospace Business is looking for a Quality Engineer to join our team in Avon! As a Quality Engineer, you will be responsible for ensuring that products manufactured at the PPG Avon facility meet customers' requirements for conformity, continuously support products and processes, and foster customer satisfaction. You will proactively identify quality, product, process, and production issues for improvement and corrective/preventative actions to ensure zero impact on the customer."
PPG,Sales Assistant - Part time,Sales Assistant - Part time,based in the Bristol Paints Capalaba store on a part-time basis,"Capalaba, Queensland, Australia Architectural Coatings Category Sales",,,Part Time,https://careers.ppg.com/us/en/job/JR26733/Sales-Assistant-Part-time,"The roster will alternate between Monday to Friday one week, and Tuesday to Saturday the next week., You will be comfortable with manual handling as part of your normal day. For example - lifting heavy paint tins (up to 32 kgs), pushing and pulling trolleys, using pallet jacks, standing for long periods, kneeling, loading the ute for paint deliveries, and doing the delivery and unloading on the other side., A valid driver's license is essential., Paint experience is not essential - training is provided., Forklift license will be highly regarded, but not essential., What We Offer, Opportunities for development and long-term career progression, Performance based incentive programs, Access to corporate discounts, including WhereFit, that provide wellness benefits to our employees, Give back to local communities with our PPG Colourful communities program",Are you passionate about customer service? Would you like to work in a colorful and inspiring workplace? We are looking for a dedicated and dynamic Sales Assistant to join our team based in the Bristol Paints Capalaba store on a part-time basis.
PPG,Technical Service Representative - Automotive Coatings,Technical Service Representative - Automotive Coatings,"that drives value, performance, and customer success","Mccarran, Nevada, United States of America Automotive OEM Coatings Category Sales",,Onsite,Full Time,https://careers.ppg.com/us/en/job/JR262195/Technical-Service-Representative-Automotive-Coatings,"HS diploma or equivalent is required; 4-year degree would be preferred., 2+ years field experience with various industrial coating technologies including Sealer & LASD, Pretreatment, and Electrocoat., Proficient in Microsoft programs - Excel (can maintain complex spreadsheets), Word, PowerPoint, etc.), Comfortable working in a customer production environment, around automated equipment, and be able lift ~30 lbs. on a limited basis., Works collaboratively with team members to address and overcome challenges., Demonstrated strength in fostering clear, collaborative communication at every organizational level., Willingness to work a day shift, along with occasional evening or weekend hours on an as needed basis., #LI-Onsite, PPG offers comprehensive benefits such as Health, Dental, Life, Retirement Plan, Paid Vacation & Holidays, Employee Assistance Program (EAP), Disability/Leave, and other Voluntary benefit offerings.","PPG delivers industry‑leading technical expertise alongside innovative products and services. Our customers rely on this knowledge to operate more efficiently and cost‑effectively. Join PPG and be part of a high‑performing team that drives value, performance, and customer success."
PPG,FTS Representive,FTS Representive,,"Shanghai, Shanghai, China Protective and Marine Ctgs Category R",,,Full Time,https://careers.ppg.com/us/en/job/JR263058/FTS-Representive,"1. High school/Polytechnic School/Ship-officer or seaman qualification or similar., 2. Marine/Yard/PC or Contractor experience with a coating background., 3. PC literate and internet communication","As an FTS Representative, to provide technical support and assistance, and to maintain records of the actual conditions and application standards witnessed on site."
PPG,Commercial Sales Manager,Commercial Sales Manager,in NSW,"Eastern Creek, New South Wales, Australia Architectural Coatings Category Sales",,,Full Time,https://careers.ppg.com/us/en/job/JR263145/Commercial-Sales-Manager,"The ability to mentor and develop sales teams, Excellent communication, presentation & planning skills, What We Offer, Opportunities for development and long-term career progression, Uncapped performance based incentive programs, Tool of trade vehicle and fuel card, Access to corporate discounts, including WhereFit, that provide wellness benefits to our employees, Give back to local communities with our PPG Colourful communities program, PPG Recognition programs, Generous discounts on PPG products through our company owned store network","Step into a world of paint, colour, and innovation with PPG’s Australia and New Zealand Architectural business. As a global leader, we transform spaces across the region with trusted brands including Taubmans, White Knight and Johnstone’s in Australia and PPG Paints in New Zealand."
PPG,Supervisor de producción- Tepexpan Edo de Mexico,Supervisor de producción- Tepexpan Edo de Mexico,Production / Packaging,"Acolman, M",,Onsite,Full Time,https://careers.ppg.com/us/en/job/JR263690/Supervisor-de-producción-Tepexpan-Edo-de-Mexico,"Bachelor's degree in chemical engineering, Industrial Engineering, or a related field., Minimum of 3 years of experience in a similar supervisory role within the chemical, coatings, paints, or related manufacturing industry., Experience with solvent-based operations in safety-critical or hazardous environments., Experience leading large production teams (17–22 direct reports per shift)., Knowledge of automotive quality and operational standards, including ISO 9001 and preferably IATF., Experience with Lean Manufacturing, Six Sigma, TPM, and tools., Experience managing Indicators related to production, quality, cost, and maintenance., Proficiency in Microsoft Office, Excel (intermediate level)., Working knowledge of ERP systems like Oracle., Intermediate level of English, with the ability to explain processes and work with international visitors.","Location: Tepexpan, State of Mexico Area: Production / Packaging – Automotive Business Unit"
PPG,Maintenance Technician,Maintenance Technician,"s, etc","Quebec City, Quebec, Canada Traffic Solutions Category Manufacturing Job Type Full time Job Id JR264425 Apply Now Save job Back to search results As the Maintenance Technician, you will be responsible for performing maintenance and repairs at the Quebec City facility, ensuring everything operates smoothly and safely",,Onsite,Full Time,https://careers.ppg.com/us/en/job/JR264425/Maintenance-Technician,"IT knowledge (Ex: Maintenance software FIXX)., Physical stamina and manual dexterity to perform manual tasks and lift heavy objects., Ability to drive a forklift (training available)., Availability outside regular hours during the high season. (March to September)., Fluency in French and English required., #LI-Onsite, PPG offers comprehensive benefits such as Health, Dental, Life, Retirement Plan, Paid Vacation & Holidays, Employee Assistance Program (EAP), Disability/Leave, and other Voluntary benefit offerings., En tant que technicien(ne) d'entretien, vous serez responsable de l'entretien et des réparations à l'usine de Québec, en veillant au bon fonctionnement et à la sécurité de l'ensemble., Vous relèverez du directeur de la production., Principales responsabilités","As the Maintenance Technician, you will be responsible for performing maintenance and repairs at the Quebec City facility, ensuring everything operates smoothly and safely."
PPG,FTS Representative,FTS Representative,,"Shanghai, Shanghai, China Protective and Marine Ctgs Category R",,,Full Time,https://careers.ppg.com/us/en/job/JR265223/FTS-Representative,"1. High school/Polytechnic School/Ship-officer or seaman qualification or similar., 2. Marine/Yard/PC or Contractor experience with a coating background., 3. PC literate and internet communication","As an FTS Representative, to provide technical support and assistance, and to maintain records of the actual conditions and application standards witnessed on site."
PPG,FTS Representative,FTS Representative,,"Shanghai, Shanghai, China Protective and Marine Ctgs Category R",,,Full Time,https://careers.ppg.com/us/en/job/JR265225/FTS-Representative,"1. High school/Polytechnic School/Ship-officer or seaman qualification or similar., 2. Marine/Yard/PC or Contractor experience with a coating background., 3. PC literate and internet communication","As an FTS Representative, to provide technical support and assistance, and to maintain records of the actual conditions and application standards witnessed on site."
PPG,Operario B,Operario B,,"Gustavo A Madero, Distrito Federal, Mexico Category Manufacturing Job Type Full time Job Id JR265375 Apply Now Save job Back to search results Ayudante general producci",,,Full Time,https://careers.ppg.com/us/en/job/JR265375/Operario-B,"Our employee benefits programs are designed to support the health and well-being of our employees. Any insurance coverages and benefits will be in accordance with the terms and conditions of the applicable plans and associated governing plan documents. Benefits will be discussed with you by your recruiter during the hiring process., PPG values your feedback on our recruiting process. We encourage you to visit Glassdoor.com and provide feedback on the process, so that we can do better today than yesterday., Explore Location, Apply Now, Save job, Get notified for similar jobs, Sign up to receive job alerts, Enter Email address (Required), By checking this box, I consent to receive transactional and marketing text messages regarding employment opportunities., I have read and accept the privacy policy and terms of use. *","Como AYUDANTE GENERAL, apoyarás en el cumplimiento del programa de Producción a través del modelo de Excelencia Operativa, normas y procedimientos de calidad, EHS y mejora continua; manteniendo las condiciones óptimas del área de trabajo, para garantizar los requerimientos del cliente de acuerdo a los objetivos estratégicos del negocio."
PPG,Aerospace Manufacturing - Senior Operational Excellence Engineer,Aerospace Manufacturing - Senior Operational Excellence Engineer,as an Aerospace Manufacturing - Senior Operational Excellence Engineer,"Grand Prairie, Texas, United States of America Aerospace Products Category Manufacturing Job Type Full time Job Id JR265698 Apply Now Save job Back to search results Aerospace Manufacturing - Senior Operational Excellence Engineer Grand Prairie, TX Are you an experienced Operation Excellence (OPEX) engineer who is ready to take their career to new heights",,On-Site,Full Time,https://careers.ppg.com/us/en/job/JR265698/Aerospace-Manufacturing-Senior-Operational-Excellence-Engineer,"Five (5) or more years of experience in lean manufacturing, continuous improvement, or operational excellence in aerospace or a highly regulated manufacturing industry required., Bachelor’s degree in relevant engineering, operations, or other technical disciplines required., Lean/Six Sigma certification(s) and demonstrated expertise in Lean Line Design. Green Belt or higher certification preferred., Proficiency with data analytics systems and software (e.g., Minitab, JMP, Excel, ERP systems) required., Must be eligible to obtain a government secret clearance., Only U.S. Citizens, Green Card holders, and political asylees or refugees are eligible to apply., #LI-PRT1, #IQ, PPG offers comprehensive benefits such as Health, Dental, Life, Retirement Plan, Paid Vacation & Holidays, Employee Assistance Program (EAP), Disability/Leave, and other Voluntary benefit offerings. Actual benefit offerings confirmed at the time of hire., All offer amounts are dictated by length/breadth of applicable experience and current departmental pay equity.",Aerospace Manufacturing - Senior Operational Excellence Engineer
PPG,Asistent/ka prodeje - Brno Kaštanová,Asistent/ka prodeje - Brno Kaštanová,,"Brno, Jihomoravsk",,,Full Time,https://careers.ppg.com/us/en/job/JR265760/Asistent-ka-prodeje-Brno-Kaštanová,"Our employee benefits programs are designed to support the health and well-being of our employees. Any insurance coverages and benefits will be in accordance with the terms and conditions of the applicable plans and associated governing plan documents. Benefits will be discussed with you by your recruiter during the hiring process., PPG values your feedback on our recruiting process. We encourage you to visit Glassdoor.com and provide feedback on the process, so that we can do better today than yesterday., Explore Location, Apply Now, Save job, Get notified for similar jobs, Sign up to receive job alerts, Enter Email address (Required), By checking this box, I consent to receive transactional and marketing text messages regarding employment opportunities., I have read and accept the privacy policy and terms of use. *",Na naši prodejnu Domu barev v Brně na Kaštanové hledáme nové posily pro rozšíření našeho týmu.
PPG,Sr Product Owner (Altiva CDMX),Sr Product Owner (Altiva CDMX),responsible for development,"Tultitlan, M",,Hybrid,Full Time,https://careers.ppg.com/us/en/job/JR262176/Sr-Product-Owner-Altiva-CDMX,"+5 years of experience as a Product Owner, Product Manager, or in similar roles within eCommerce or high-traffic digital platforms., 5+ years of experience with eCommerce platforms, APIs, integrations, and headless/composable architectures, Experience documenting user stories, functional flows, and acceptance criteria., Experience in payment methods, checkout, catalog management, or web performance programs., Advanced level of English","The Sr. Product Owner leads the definition, prioritization, and delivery of the eCommerce product roadmap, being the primary liaison between the business and the IT team responsible for development. You will be reporting directly to Omnichannel Director. This is a hybrid role #LI-Hybrid"
PPG,Certified Optima Solutions Professional Lead,Certified Optima Solutions Professional Lead,", apply today","Hefei, Anhui, China Automotive OEM Coatings Category R",,On-Site,Full Time,https://careers.ppg.com/us/en/job/JR263708/Certified-Optima-Solutions-Professional-Lead,"Bachelor's degree, majoring in chemical engineering or related., More than 2 years’ working experience., Automotive coatings related experience, or desire to work in the coatings industry., Capability of using written English., If you are someone who wants to lead change and enjoys working with a team, apply today!","As a Certified Optima Solutions Professional, you will provide technical services based on customer needs. You'll report to Optima Solutions Site Manager and base in Anqing."
PPG,"Territory Manager, Arizona","Territory Manager, Arizona","s of profitability, cycle time, product training, and the use of analytics","Phoenix, Arizona, United States of America Automotive Refinish Category Sales",,,Full Time,https://careers.ppg.com/us/en/job/JR264441/Territory-Manager-Arizona,"Prior Automotive Refinish or equivalent experience., Willingness to travel within assigned territory; Expected overnight travel is 25%., PPG offers comprehensive benefits such as Health, Dental, Life, Retirement Plan, Paid Vacation & Holidays, Employee Assistance Program (EAP), Disability/Leave, and other Voluntary benefit offerings.","As a Territory Manager, you will develop and grow the Arizona territory and provide information and market data to ensure effective delivery of the overall business targets. Can you influence customers at the end user and higher levels to support achievement of strategic goals? If so, this may be the opportunity for you!"
PPG,Commercial Territory Sales Manager,Commercial Territory Sales Manager,", you will guide profitable sales growth and strengthening customer relationships within a defined territory covering Missouri and Central Illinois","Saint Louis, Missouri, United States of America Automotive Refinish Category Sales",,,Full Time,https://careers.ppg.com/us/en/job/JR264522/Commercial-Territory-Sales-Manager,"Bachelor's degree in business, Marketing, Chemistry, Engineering, or a related field, or equivalent professional experience., 5+ years of progressive experience in commercial coatings sales, automotive refinish, or an adjacent industrial market., Experience in sales development, negotiation, with the ability to establish engagement with prospects, customers, and distributor partners., Hands-on technical capabilities related to substrate preparation, painting processes and application, Valid driver's license and willingness to travel.","Manage and grow sales within a defined territory, including existing direct accounts and distributor-managed accounts using a disciplined and defined approach."
PPG,Químico Sr.,Químico Sr.,,"Pinhais, Paran",,,Full Time,https://careers.ppg.com/us/en/job/JR265743/Químico-Sr,"Our employee benefits programs are designed to support the health and well-being of our employees. Any insurance coverages and benefits will be in accordance with the terms and conditions of the applicable plans and associated governing plan documents. Benefits will be discussed with you by your recruiter during the hiring process., PPG values your feedback on our recruiting process. We encourage you to visit Glassdoor.com and provide feedback on the process, so that we can do better today than yesterday., Explore Location, Apply Now, Save job, Get notified for similar jobs, Sign up to receive job alerts, Enter Email address (Required), By checking this box, I consent to receive transactional and marketing text messages regarding employment opportunities., I have read and accept the privacy policy and terms of use. *","Desenvolver e formular adesivos e selantes automotivos. - Ajustar e aprimorar produtos de linha conforme necessidades. - Participar de processos de localização, ou transferência de tecnologia de produtos para o mercado de Adesivos e Selantes. - Participar de projetos técnicos – escopo de trabalho, cronogramas, plano de desenvolvimento e validação. - Participar e propor projetos de otimização, redução de custos e desenvolvimento. - Realizar testes e ensaios conforme descritos em especificações de clientes. - Operar equipamentos de medição de propriedades dos adesivos e selantes e interpretar os resultados. - Elaborar relatórios, especificações e boletins técnicos. - Prover suporte para as áreas Comercial e de Assistência Técnica para resolução de problemas de linha e lançamento de novos produtos. - Interface com as áreas de Manufatura, Processos, Qualidade e Supply Chain. - Suporte na investigação e solução de problemas. - Participar das auditorias de Qualidade para manutenção da certificação. - Elaborar apresentações e treinamentos à clientes. - Manter a organização e manutenção do laboratório (5S). - Cumprir as normas e procedimentos referentes ao sistema de Gestão da Qualidade, Meio Ambiente, Segurança e Saúde Ocupacional e Compliance."
PPG,Electrician/Maintenance T2,Electrician/Maintenance T2,"s including supervising contractors, safety compliance, 5S, completing PMs and scheduling projects","Richmond, Virginia, United States of America Traffic Solutions Category Manufacturing Job Type Full time Job Id JR265762 Apply Now Save job Back to search results Electrician / Maintenance Tech II Richmond, VA Shift",,,Full Time,https://careers.ppg.com/us/en/job/JR265762/Electrician-Maintenance-T2,"5 years of journeyman level electrical experience., Working knowledge of National Electric Code., Experience in Microsoft Office, Experience in PLC programming, Experience in Inventory Management, PPG pay ranges and benefits can vary by location which allows us to compensate employees competitively in different geographic markets. PPG considers several factors in making compensation decisions including, but not limited to, skill sets, experience and training, qualifications and education, licensure and certifications, and other organizational needs. Other incentives may apply.",Peak Season (March - October) 6 AM - 6 PM
PPG,Ayudante General C,Ayudante General C,s and repairs,"Hermosillo, Sonora, Mexico Category Manufacturing Job Type Full time Job Id JR265939 Apply Now Save job Back to search results Manufacturing Production Workers focus on setting up, operating, maintaining, and troubleshooting manufacturing production (i",,,Full Time,https://careers.ppg.com/us/en/job/JR265939/Ayudante-General-C,"Our employee benefits programs are designed to support the health and well-being of our employees. Any insurance coverages and benefits will be in accordance with the terms and conditions of the applicable plans and associated governing plan documents. Benefits will be discussed with you by your recruiter during the hiring process., PPG values your feedback on our recruiting process. We encourage you to visit Glassdoor.com and provide feedback on the process, so that we can do better today than yesterday., Explore Location, Apply Now, Save job, Get notified for similar jobs, Sign up to receive job alerts, Enter Email address (Required), By checking this box, I consent to receive transactional and marketing text messages regarding employment opportunities., I have read and accept the privacy policy and terms of use. *","Manufacturing Production Workers focus on setting up, operating, maintaining, and troubleshooting manufacturing production (i.e., machining, processing, assembly, or packaging) equipment including: Setup the production equipment and supplies before executing the job orders. Operate equipment safely and effectively for production processing. Ensure that equipment are maintained in good and safe working condition. Inspect equipment to identify any replacements, malfunctions and repairs. Perform regular equipment maintenance to ensure production capacity and quality. Provide assistance to junior operators in their assigned responsibilities. Repair and clean the equipment when needed. Evaluate equipment performance and recommend improvements. Operate trucks and other industrial vehicles to transfer the production equipment between warehouse and working area. Follow safety procedures and company policies for equipment operation."
PPG,Production Supervisor (3rd shift),Production Supervisor (3rd shift),s to ensure goals are met through the development of and adherence to standardized work,"Oak Creek, Wisconsin, United States of America Operations Category Manufacturing Job Type Full time Job Id JR266013 Apply Now Save job Back to search results As a Production Supervisor (3rd shift) working onsite in Oak Creek, WI, you will report to the Resin Operations Manager",,Onsite,Full Time,https://careers.ppg.com/us/en/job/JR266013/Production-Supervisor-3rd-shift,"HS Diploma required; associate or bachelor’s degree is preferred., 3+ years' experience in production, and previous supervisory or management experience in a manufacturing environment. Chemical or batch manufacturing preferred., Previous experience with ERP systems, Oracle preferred., Ability to lift 50 lbs, to bend, and stand or walk for long periods of time in a fast-paced environment.","As a Production Supervisor (3rd shift) working onsite in Oak Creek, WI, you will report to the Resin Operations Manager. You will drive safety, quality, and productivity of teams to ensure goals are met through the development of and adherence to standardized work. Through process discipline and building worker engagement, you will lead the assigned Production Area, ensuring a focus on safety, risk reduction, and continuous improvement."
PPG,Butikssäljare - Alcro Studio Ystad (Sommarvikariat),Butikssäljare - Alcro Studio Ystad (Sommarvikariat),Noggrann och ansvarstagande Flytande svenska i tal och skrift Tidigare erfarenhet av detaljhandel,"Ystad, Skane County, Sweden Architectural EMEA Category Sales",,,Part Time,https://careers.ppg.com/us/en/job/JR266305/Butikssäljare-Alcro-Studio-Ystad-Sommarvikariat,"Our employee benefits programs are designed to support the health and well-being of our employees. Any insurance coverages and benefits will be in accordance with the terms and conditions of the applicable plans and associated governing plan documents. Benefits will be discussed with you by your recruiter during the hiring process., PPG values your feedback on our recruiting process. We encourage you to visit Glassdoor.com and provide feedback on the process, so that we can do better today than yesterday., Explore Location, Apply Now, Save job, Get notified for similar jobs, Sign up to receive job alerts, Enter Email address (Required), By checking this box, I consent to receive transactional and marketing text messages regarding employment opportunities., I have read and accept the privacy policy and terms of use. *","Som Butikssäljare på Alcro Studio i Ystad spelar du en avgörande roll i att driva butikens försäljning och skapa en exceptionell kundupplevelse. Du arbetar proaktivt med våra kunder, identifierar deras behov och säljer in rätt produkter och helhetslösningar inom färg och design. Rollen passar dig som har ett starkt affärsdriv, brinner för försäljning och trivs i en resultatinriktad miljö där kundmötet alltid står i fokus. Denna tjänst är ett sommarvikariat fram till 2026-08-15 där helgarbete förekommer"
PPG,Aerospace Materials Quality Specialist,Aerospace Materials Quality Specialist,al collaboration,"Shelby, North Carolina, United States of America Aerospace Products Category Engineering, Quality Job Type Full time Job Id JR266329 Apply Now Save job Back to search results Aerospace Materials Quality Specialist Shelby, NC Are you a passionate and driven quality professional who is looking to take their career to new heights",,On-Site,Full Time,https://careers.ppg.com/us/en/job/JR266329/Aerospace-Materials-Quality-Specialist,"Two (2) years of prior quality experience or related education in a manufacturing environment required, Bachelor’s degree in a technical or engineering field such as Process Engineering, Mechanical Engineering or Chemical Engineering preferred, High school diploma or equivalent (GED) required, Only U.S. Citizens, Green Card holders, and political asylees or refugees are eligible to apply, #LI-Onsite, PPG offers comprehensive benefits such as Health, Dental, Life, Retirement Plan, Paid Vacation & Holidays, Employee Assistance Program (EAP), Disability/Leave, and other Voluntary benefit offerings. Actual benefit offerings confirmed at the time of hire., All offer amounts are dictated by length/breadth of applicable experience and current departmental pay equity.",Are you a passionate and driven quality professional who is looking to take their career to new heights? Then look no further than this opportunity with PPG's Aerospace business! We are looking for someone who is able to see the future of aviation materials and take our exceptional products to the next level!
PPG,Elektryk w Dziale Utrzymania Ruchu (m/f/d),Elektryk w Dziale Utrzymania Ruchu (m/f/d),,"Cieszyn, Silesian, Poland Operations Category Manufacturing Job Type Full time Job Id JR2515528 Apply Now Save job Back to search results Poszukujemy Elektryka do Dzia",,,Full Time,https://careers.ppg.com/us/en/job/JR2515528/Elektryk-w-Dziale-Utrzymania-Ruchu-m-f-d,"Our employee benefits programs are designed to support the health and well-being of our employees. Any insurance coverages and benefits will be in accordance with the terms and conditions of the applicable plans and associated governing plan documents. Benefits will be discussed with you by your recruiter during the hiring process., PPG values your feedback on our recruiting process. We encourage you to visit Glassdoor.com and provide feedback on the process, so that we can do better today than yesterday., Explore Location, Apply Now, Save job, Get notified for similar jobs, Sign up to receive job alerts, Enter Email address (Required), By checking this box, I consent to receive transactional and marketing text messages regarding employment opportunities., I have read and accept the privacy policy and terms of use. *",Poszukujemy Elektryka do Działu Utrzymania Ruchu!
PPG,Teamleiter Logistik (m/w/d),Teamleiter Logistik (m/w/d),"leiter Logistik (m/w/d) Location Klingenberg, Bavaria, Germany Operations Category Supply Chain & Warehouse Job Type Full time Job Id JR2518457 Apply Now Save job Back to search results Teamleiter Logistik (m/w/d) Standort","Klingenberg, Bavaria, Germany Operations Category Supply Chain",,,Full Time,https://careers.ppg.com/us/en/job/JR2518457/Teamleiter-Logistik-m-w-d,"Our employee benefits programs are designed to support the health and well-being of our employees. Any insurance coverages and benefits will be in accordance with the terms and conditions of the applicable plans and associated governing plan documents. Benefits will be discussed with you by your recruiter during the hiring process., PPG values your feedback on our recruiting process. We encourage you to visit Glassdoor.com and provide feedback on the process, so that we can do better today than yesterday., Explore Location, Apply Now, Save job, Get notified for similar jobs, Sign up to receive job alerts, Enter Email address (Required), By checking this box, I consent to receive transactional and marketing text messages regarding employment opportunities., I have read and accept the privacy policy and terms of use. *",Standort: Klingenberg| Start: zum nächstmöglichen Zeitpunkt
PPG,Operator,Operator,", waar humor, betrokkenheid en teamwork net zo belangrijk zijn als de machines die we bedienen","Tiel, Gelderland, Netherlands Operations Category Manufacturing Job Type Full time Job Id JR262232 Apply Now Save job Back to search results Operator (2- of 5-ploegen)",,,Full Time,https://careers.ppg.com/us/en/job/JR262232/Operator,"Our employee benefits programs are designed to support the health and well-being of our employees. Any insurance coverages and benefits will be in accordance with the terms and conditions of the applicable plans and associated governing plan documents. Benefits will be discussed with you by your recruiter during the hiring process., PPG values your feedback on our recruiting process. We encourage you to visit Glassdoor.com and provide feedback on the process, so that we can do better today than yesterday., Explore Location, Apply Now, Save job, Get notified for similar jobs, Sign up to receive job alerts, Enter Email address (Required), By checking this box, I consent to receive transactional and marketing text messages regarding employment opportunities., I have read and accept the privacy policy and terms of use. *",Locatie: Tiel Dienstverband: Fulltime [2- of 5‑ploegendienst] Salaris: Uitstekend salaris inclusief 13e maand Ploegentoeslag: 13% (2‑ploegen) of 29% (5‑ploegen)
PPG,Tech Lead (m/f/d),Tech Lead (m/f/d),", contributing to the development of PPG",Wroc,,Hybrid,Full Time,https://careers.ppg.com/us/en/job/JR263385/Tech-Lead-m-f-d,"Upper-intermediate English (B2+) required for effective collaboration in global teams, Bachelor's or master's degree in computer science, Information Systems, or related field, Would be a plus, Knowledge of Docker, Experience with .NET development (Xunit, Flurl.Http, Serilog, Moq, Snapshooter, FluentValidation), Understanding SEO best practices, semantic markup, and analytics/tracking integration, Experience building pixel-perfect, high-traffic marketing or eCommerce websites, Exposure to AI/ML libraries, chatbot frameworks, or prompt engineering techniques, Experience working with or integrating AI services (e.g., Azure Cognitive Services, OpenAI, ML.NET)","As a Tech Lead, you will be part of the Global Custom Software Solutions team, contributing to the development of PPG’s core Digital eCommerce and LeadGen platform. In this role, you will lead the technical direction of the Formulation AI team, ensuring high-quality implementation of scalable, maintainable, and performant applications."
PPG,Anwendungstechniker Lacke für Nutzfahrzeuge (m/w/d),Anwendungstechniker Lacke für Nutzfahrzeuge (m/w/d),s f,"Weingarten, Baden-Wurttemberg, Germany Automotive OEM Coatings Category R",,,Full Time,https://careers.ppg.com/us/en/job/JR264142/Anwendungstechniker-Lacke-für-Nutzfahrzeuge-m-w-d,"Our employee benefits programs are designed to support the health and well-being of our employees. Any insurance coverages and benefits will be in accordance with the terms and conditions of the applicable plans and associated governing plan documents. Benefits will be discussed with you by your recruiter during the hiring process., PPG values your feedback on our recruiting process. We encourage you to visit Glassdoor.com and provide feedback on the process, so that we can do better today than yesterday., Explore Location, Apply Now, Save job, Get notified for similar jobs, Sign up to receive job alerts, Enter Email address (Required), By checking this box, I consent to receive transactional and marketing text messages regarding employment opportunities., I have read and accept the privacy policy and terms of use. *","Bei PPG (NYSE: PPG) arbeiten wir jeden Tag daran, die Farben, Beschichtungen und Spezialmaterialien zu entwickeln und zu liefern, auf die unsere Kunden seit fast 140 Jahren vertrauen."
PPG,EHS Specialist,EHS Specialist,"s of expertise we value for this position include environmental permit management, auditing, ergonomics application, and Industrial Hygiene responsibilities","Grand Prairie, Texas, United States of America EHS / Product Stewardship Category Environmental, Health",,Onsite,Full Time,https://careers.ppg.com/us/en/job/JR264794/EHS-Specialist,"A Bachelor's degree in Environmental Science, Occupational Safety, Industrial Hygiene, or a related field is preferred plus 1+ year of demonstrated experience, OR a Bachelor's degree in another discipline, combined with 5 years' experience in an EHS, safety, or environmental role within a manufacturing or heavy industrial environments is a plus., Knowledge of environmental, health, and safety regulations and best practices., Identify hazards, analyze risks, and recommend corrective actions., Experience conducting safety audits or incident investigations., Experience with ergonomic assessments and job safety analysis., Familiarity with sustainability plans or environmental compliance programs., Relevant certifications (e.g., OSHA, CSP, ASP) a plus., Only US Citizens, Green Card holders, and political asylees or refugees are eligible to apply., PPG offers comprehensive benefits such as Health, Dental, Life, Retirement Plan, Paid Vacation and Holidays, Employee Assistance Program (EAP), Disability/Leave, Family Leave and other Voluntary benefit offerings. Actual benefit offerings confirmed at the time of hire.","As an EHS Specialist within PPG's Aerospace Business you will provide technical assistance in the development of the site’s safety culture, environmental permit management, and compliance to applicable EHS regulations. You will support EHS program deployment in a mid-sized, high-end manufacturing environment and support site leadership in maturing safety culture. Areas of expertise we value for this position include environmental permit management, auditing, ergonomics application, and Industrial Hygiene responsibilities. Located at PPG's Grand Prairie, TX plant, you will report to the EHS Manager and lead best practices to sustain PPG's EHS mission."
PPG,Production Shift Leader,Production Shift Leader,s for the daily activities of a team of production workers,"Samut Prakan, Thailand Operations Category Manufacturing Job Type Full time Job Id JR265797 Apply Now Save job Back to search results You will monitor the volume and quality of output and adjust tasks, timing, equipment set-up, or inputs to meet production specifications and use resources efficiently",,,Full Time,https://careers.ppg.com/us/en/job/JR265797/Production-Shift-Leader,"BS in Chemical Engineering or related technical degree with manufacturing experience, Prefer to have experience in paint chemical or chemical manufacturing at least 1-3 years., Prefer to have experience to manage team members 10-20 people., Good proficiency in Microsoft Excel, Word and PowerPoint, Good leadership skill, have effective human relations, Good verbal and written communication skills both local and English.","You will monitor the volume and quality of output and adjust tasks, timing, equipment set-up, or inputs to meet production specifications and use resources efficiently. You will manage staff to ensure that all production tasks are performed, and all machines and equipment operated, safety. You will train new workers in our operating procedures and standards. You will prepare production reports to resolve performance problems. You will standardize, improve the working instruction in all covered processes to ensure the good quality, yield and safely. You will report directly to Assistant Production Manager."
PPG,Military Coatings and Layup Production Manager,Military Coatings and Layup Production Manager,", you will oversee the supervisors within the Military Coatings and Military Layup areas and have a specific focus on safety and meeting production metrics","Sylmar, California, United States of America Aerospace Products Category Manufacturing Job Type Full time Job Id JR265847 Apply Now Save job Back to search results As a Production Manager in our Aerospace Division, you will oversee the supervisors within the Military Coatings and Military Layup areas and have a specific focus on safety and meeting production metrics",,Onsite,Full Time,https://careers.ppg.com/us/en/job/JR265847/Military-Coatings-and-Layup-Production-Manager,"Lean Manufacturing and Six Sigma knowledge, Previous experience in Kanban and Materials Markets, #LI-ONSITE, The base salary range for this position is $95,000-$130,000, with a possibility of an annual bonus up to 10% of base salary. PPG offers comprehensive benefits such as Health, Dental, Life, Retirement Plan, Paid Vacation & Holidays, Employee Assistance Program (EAP), Disability/Leave, and other Voluntary benefit offerings. Actual benefit offerings confirmed at the time of hire.","As a Production Manager in our Aerospace Division, you will oversee the supervisors within the Military Coatings and Military Layup areas and have a specific focus on safety and meeting production metrics. You will play an important role in the operation and interact with production staff, cell leaders, and key leadership members of the plant."
PPG,Process Expert,Process Expert,al SaaS platforms to enable seamless data connectivity and process optimization Data Analytics & AI applications,"Shanghai, Shanghai, China Automotive Refinish Category Supply Chain",,,Full Time,https://careers.ppg.com/us/en/job/JR266644/Process-Expert,"Excellent communication and interpersonal skills, with the ability to explain technical concepts to non-technical audience.","Through leadership in innovation, sustainability and color, PPG helps customers in industrial, transportation, consumer products, and construction markets and aftermarkets to enhance more surfaces in more ways than does any other company. To learn more, visit www.ppg.com and follow @PPG on X."
PPG,Business Analyst - Loftware Specialist,Business Analyst - Loftware Specialist,for PPG,"Shah Alam, Selangor, Malaysia Information Technology Category Digital",,,Full Time,https://careers.ppg.com/us/en/job/JR26984/Business-Analyst-Loftware-Specialist,"Bachelors degree in Information Systems Management, Computer Science, Engineering, Chemistry, a related discipline or equivalent experience, Minimum 2 years of experience in IT or a related discipline, Strong analytical and conceptual skills, especially with systems and process orientation, Strong oral and written communication skills, including technical writing, Comfortable working remotely using virtual means of collaborating with colleagues and managers, without close supervision, Experience participating in IT projects and prior experience with Loftware labeling solutions would be preferred","This role will be part of the Oracle COE Team for PPG. It will collaborate with business units or functional groups to clarify and communicate business requirements. This collaboration assures that we align products and services with business needs, particularly in terms of utilizing our applications. You will be a business or function specialist, providing an array of services such as business process improvement, priority-setting facilitation, project definition or design, and broker IT and contract services. Key Responsibilities"
PPG,Modeling Engineer,Modeling Engineer,"al environment and support government-funded, export-controlled R&D projects, contributing to innovation in product and process development across PPG","Springdale, Pennsylvania, United States of America Science",,Hybrid,Full Time,https://careers.ppg.com/us/en/job/JR2513288/Modeling-Engineer,"A MS or PhD degree in chemical engineering, mechanical engineering, polymer materials engineering, or related technical disciplines, with chemical process simulation experiences., 1+ years of relevant experience using Computational Fluid Dynamics packages i.e. M-Star CFD, ANSYS Fluent, Siemens Star-CCM+, OpenFOAM, COMSOL, etc.; Experienced in pre-processing, meshing, solving, and post processing, and coding ability for user-defined subroutines., Proficiency in analyzing complex data sets and digital twin product development. Experience with hybrid modeling (e.g. AI/ML) is appreciated., Job Location: Up to 5-days per week in Springdale, PA, Must be a U.S. Person as defined by U.S. export control regulations (i.e., U.S. citizen or lawful permanent resident) to comply with government project requirements., Willingness to travel up to 10% for meetings, site visits, and technical conferences., #LI-onsite","As a Modeling Engineer part of our Global Digital and Corporate Color organization, you will apply advanced engineering principles to develop digital twin solutions for chemical processes, integrating both physics-based and data-driven modeling approaches. You will work in a cross functional environment and support government-funded, export-controlled R&D projects, contributing to innovation in product and process development across PPG's diverse businesses."
PPG,Process Engineer,Process Engineer,"s to improve efficiency, reducing variation and waste in production processes, ensuring process safety",San Juan del R,,,Full Time,https://careers.ppg.com/us/en/job/JR261921/Process-Engineer,"Chemical or Industrial Engineer., + 3 years of proven experience in powder coating production process engineering., Knowledge and application of Lean Manufacturing and Six Sigma philosophy., Fluent English.","As a PROCESS ENGINEER, you will standardize manufacturing processes and operating procedures of production areas to improve efficiency, reducing variation and waste in production processes, ensuring process safety. Transfer technology or best practices among PPG's sister plants. Process Design and Capital Projects."
PPG,Aerospace Operational Excellence Engineer,Aerospace Operational Excellence Engineer,"onsite in Grand Prairie, TX","Grand Prairie, Texas, United States of America Aerospace Products Category Manufacturing Job Type Full time Job Id JR262028 Apply Now Save job Back to search results PPG",,Onsite,Full Time,https://careers.ppg.com/us/en/job/JR262028/Aerospace-Operational-Excellence-Engineer,"Bachelor's Degree in Industrial, Manufacturing, or Process Engineering; OR HS Diploma/GED and equivalent work experience related to lean manufacturing., Strong knowledge of Lean Manufacturing principles., Minimum of a Green Belt preferred., Knowledge of Aerospace manufacturing concepts and application preferred., Only U.S. Citizens, Green Card holders, and political asylees or refugees are eligible to apply., #LI-Onsite","PPG's Aerospace Business is looking for an Operational Excellence Engineer (OPEX) to join our team onsite in Grand Prairie, TX! Reporting to the Operational Excellence Manager, you'll implement Lean methodologies and contribute to operational efficiency. If you are passionate about enhancing processes and leading in manufacturing operations, apply now to be part of our team."
PPG,Analytics Engineer,Analytics Engineer,"s, and analytics consumers, ensuring understanding between business needs and technical solutions","Shah Alam, Selangor, Malaysia Information Technology Category Digital",,,Full Time,https://careers.ppg.com/us/en/job/JR263515/Analytics-Engineer,"Bachelor's degree in information management, Data Science, Computer Science, or a related discipline, or equivalent practical experience, Minimum of 3 years of experience in data/systems analysis, design, and implementation, Experience with SQL and data modeling concepts (e.g., data structures, relationships, basic dimensional modeling), Familiarity with tools and platforms such as Azure Databricks, Power BI, DBSchema (or similar), and data catalog tools like Atlan, Strong understanding of business needs and ability to translate them into data models, mappings, and IT solutions, Experience defining business logic, source-to-target mappings, and supporting data validation processes, Systems and process orientation, with attention to data quality, consistency, and governance standards, We consider experience working in Agile environments (e.g., Azure DevOps, sprint-based delivery, backlog management) an advantage.","You will guide communication between business stakeholders, Data Engineering teams, and analytics consumers, ensuring understanding between business needs and technical solutions. You will contribute across the full analytics lifecycle, including identifying and analyzing needs, conducting requirements gathering, and defining scope and goals. You will translate business requirements into technical and analytical solutions, support data modeling and analytics-layer development, and provide ongoing support and enhancement of analytics solutions. Additionally, you will make recommendations for improvements to business processes and reporting dashboards, applying technologies to drive value. As an individual contributor, you operate with a high level of independence and accountability, managing your workload and delivering results. You understand organizational processes, and data governance principles, and you are comfortable working across teams in a collaborative environment. While your primary focus will be on existing solutions and processes, you will also contribute to new projects, supporting continuous improvement and new ideas within the analytics domain. You will be reporting directly to Data and Analytics Manager."
PPG,Department Manager - Production,Department Manager - Production,"Manager - Production Location Batley, West Yorkshire, United Kingdom Architectural EMEA Category Manufacturing Job Type Full time Job Id JR264925 Apply Now Save job Back to search results Department Manager - Production PPG Industries Birstall Join our Architectural Coatings business and be part of a global organisation, in an exciting role at the forefront of production of high performance products","Batley, West Yorkshire, United Kingdom Architectural EMEA Category Manufacturing Job Type Full time Job Id JR264925 Apply Now Save job Back to search results Department Manager - Production PPG Industries Birstall Join our Architectural Coatings business and be part of a global organisation, in an exciting role at the forefront of production of high performance products",,,Full Time,https://careers.ppg.com/us/en/job/JR264925/Department-Manager-Production,"5+ years of experience of management in a volume production environment, Health & safety focus, Productivity driven, Evidence of continuous improvement projects","Join our Architectural Coatings business and be part of a global organisation, in an exciting role at the forefront of production of high performance products."
PPG,Sales Assistant,Sales Assistant,,"Enniskillen, County Fermanagh, United Kingdom Architectural EMEA Category Sales",,,Full Time,https://careers.ppg.com/us/en/job/JR265054/Sales-Assistant,"Previous experience in a customer facing environment is desirable, Good communications skills with a positive customer focusses attitude, Good understanding of IT systems, Flexibility towards working hours and duties, Driving license is desirable but not essential, #WeAreHiringPPGUK",Enniskillen Johnstone’s Decorating Centre
PPG,Supply Planning Coordinator,Supply Planning Coordinator,s (SBUs),"Bien Hoa,",,,Full Time,https://careers.ppg.com/us/en/job/JR265636/Supply-Planning-Coordinator,"Minimum of a Bachelor's degree in Supply Chain Management or a related field., Minimum 4 years of experience managing raw materials in a manufacturing environment, supply planning, material planning or manufacturing planning roles., Experience with Microsoft Office tools and ERP system (Oracle, SAP, or similar), Ability to interpret planning data and exceptions., Good communication and negotiation skills","You will ensure the efficient supply of raw materials (RMs) and finished goods (FGs) across all sites and Strategic Business Units (SBUs). Your role will involve planning, scheduling, and monitoring raw material supply to support production requirements while optimizing inventory levels, managing purchasing orders, coordinating with suppliers and logistics partners. You will ensure material availability, minimize supply risks, and support smooth manufacturing operations through planning, coordination, and data analysis. You will report directly to Supply Planning Vietnam."
PPG,"Territory Sales Manager, St. Louis, MO","Territory Sales Manager, St. Louis, MO",", you will guide profitable sales growth and strengthening customer relationships within a defined territory covering St","St Louis, Missouri, United States of America Automotive Refinish Category Sales",,Remote,Full Time,https://careers.ppg.com/us/en/job/JR266007/Territory-Sales-Manager-St-Louis-MO,"· Prior Automotive Refinish or equivalent experience preferred., ·Valid driver's license and willingness to travel., ·Collision or Body Shop Business Experience is highly desirable., If you show results in selling and relationship building, apply today!, If you demonstrate proven results in selling and relationship building, apply today!","As a Territory Sales Manager on PPG's Automotive Refinish team, you will guide profitable sales growth and strengthening customer relationships within a defined territory covering St. Louis – N.E. Missouri. You will deliver specific sales and service provision targets following Regional, Zone, and National targets, as well as develop the defined territory and provide information and market data to ensure delivery of the overall business targets."
PPG,Assistant Store Manager,Assistant Store Manager,,"Co Antrim, County Antrim, United Kingdom Architectural EMEA Category Sales",,,Full Time,https://careers.ppg.com/us/en/job/JR266509/Assistant-Store-Manager,"Previous experience in a customer facing environment is desirable, Good communications skills with a positive customer focusses attitude, Good understanding of IT systems, Flexibility towards working hours and duties, Driving License is desirable, If you meet this criteria, or if you would like to learn more about this opportunity, we would love to hear from you., #WeAreHiringPPGUK",Carrickfergus - Johnstone’s Decorating Centre
PPG,Junior Asistent prodeje Brno Porážka,Junior Asistent prodeje Brno Porážka,,"Brno, Jihomoravsk",,,Full Time,https://careers.ppg.com/us/en/job/JR266559/Junior-Asistent-prodeje-Brno-Porážka,"Our employee benefits programs are designed to support the health and well-being of our employees. Any insurance coverages and benefits will be in accordance with the terms and conditions of the applicable plans and associated governing plan documents. Benefits will be discussed with you by your recruiter during the hiring process., PPG values your feedback on our recruiting process. We encourage you to visit Glassdoor.com and provide feedback on the process, so that we can do better today than yesterday., Explore Location, Apply Now, Save job, Get notified for similar jobs, Sign up to receive job alerts, Enter Email address (Required), By checking this box, I consent to receive transactional and marketing text messages regarding employment opportunities., I have read and accept the privacy policy and terms of use. *",Na naši prodejnu Domu barev v Brně na Masné hledáme nové posily pro rozšíření našeho týmu.
PPG,Electrical Project Control Engineer,Electrical Project Control Engineer,,"Circleville, Ohio, United States of America Automotive OEM Coatings Category Engineering, Quality Job Type Full time Job Id JR2518420 Apply Now Save job Back to search results As an Electrical Project Control Engineer, you will be responsible for scoping, engineering, designing, and installing projects in the Circleville facility",,,Full Time,https://careers.ppg.com/us/en/job/JR2518420/Electrical-Project-Control-Engineer,"Bachelor's degree in electrical engineering, Electrical Engineering Technology, or related engineering field., 5 years of controls / DCS / PLC experience, Experience with Allen-Bradley PLC programming process instrumentation in an industrial environment or willingness to learn., Experience with GE Proficy iFix SCADA, HMI, and historian software is a plus., Communication plans for technical and non-technical personnel; must have excellent problem-solving skills; and can conceptualize systems","As an Electrical Project Control Engineer, you will be responsible for scoping, engineering, designing, and installing projects in the Circleville facility. This includes both new installations and modifications to existing process. You will manage complex projects that involve engineering disciplines beyond electrical engineering in some cases. This responsibility includes working closely with and supervising contractors, other supervisors, operations and maintenance personnel, vendors, purchasing, and EHS to assure a high level of achievement in safety, quality and productivity."
PPG,FTS Representative,FTS Representative,", apply today","Shanghai, Shanghai, China Protective and Marine Ctgs Category R",,,Full Time,https://careers.ppg.com/us/en/job/JR263049/FTS-Representative,"1. High school/Polytechnic School/Ship-officer or seaman qualification or similar., 2. Marine/Yard/PC or Contractor experience with a coating background., 3. PC literate and internet communication, If you are someone who wants to lead change and enjoys working with a team, apply today!","As an FTS Representative, to provide technical support and assistance, and to maintain records of the actual conditions and application standards witnessed on site."
PPG,Ausbildungsplatz Produktionsfachkraft Chemie (m/w/d),Ausbildungsplatz Produktionsfachkraft Chemie (m/w/d),f,"Stuttgart, Baden-Wurttemberg, Germany Operations Category HR, Corporate",,,Full Time,https://careers.ppg.com/us/en/job/JR263435/Ausbildungsplatz-Produktionsfachkraft-Chemie-m-w-d,"Our employee benefits programs are designed to support the health and well-being of our employees. Any insurance coverages and benefits will be in accordance with the terms and conditions of the applicable plans and associated governing plan documents. Benefits will be discussed with you by your recruiter during the hiring process., PPG values your feedback on our recruiting process. We encourage you to visit Glassdoor.com and provide feedback on the process, so that we can do better today than yesterday., Explore Location, Apply Now, Save job, Get notified for similar jobs, Sign up to receive job alerts, Enter Email address (Required), By checking this box, I consent to receive transactional and marketing text messages regarding employment opportunities., I have read and accept the privacy policy and terms of use. *","Bei PPG (NYSE: PPG) arbeiten wir jeden Tag daran, die Farben, Beschichtungen und Spezialmaterialien zu entwickeln und zu liefern, auf die unsere Kunden seit fast 140 Jahren vertrauen."
PPG,BI Reporting Specialist (m/f/d),BI Reporting Specialist (m/f/d),as BI Reporting Specialist,Wroc,,Remote,Full Time,https://careers.ppg.com/us/en/job/JR263480/BI-Reporting-Specialist-m-f-d,"University degree in marketing, business, finance or related field, Knowledge of sales, marketing and business processes, 2-3 years of proven working experience in reporting and analysis, Ability to develop relationship with remote locations and work with different levels of management, Fluent English speaker, Strong Excel skills including power query/power pivot, Familiarity with business intelligence and reporting software (Power BI), Organizational skills, adaptability and outstanding attention to detail, Excellent analytical skills, Good communication",Join our BI& Reporting Solutions EMEA Team as BI Reporting Specialist!
PPG,Training Manager,Training Manager,to deliver customer requirements and business goals Produce a monthly or quarterly training calendar that is provided to the sales team via the Business Manager Work with the National Training Manager to ensure technical and process training is delivered in a consistent way Participate in appropriate new product train the trainer training sessions when required,"Braeside, Victoria, Australia Automotive Refinish Category Sales",,,Full Time,https://careers.ppg.com/us/en/job/JR263846/Training-Manager,"Excellent practical experience and knowledge in the refinish spray painting industry (Minimum 8 years’ experience), Strong personal motivation, willing to learn and adapt to change, Willing to travel statewide, Ability to communicate effectively, Good organisational and planning skills, What We Offer, Opportunities for development and long-term career progression, Performance based incentive programs, Access to corporate discounts, including WhereFit, that provide wellness benefits to our employees, Give back to local communities with our PPG Colourful communities program","PPG are currently seeking a Training Manager to plan, organize and deliver practical and theory training for all ANZ Refinish market segments at both training sites and at customer’s places of business. The successful candidate will be based at our Braeside facility and also be responsible for maintenance, stock levels, consumables, equipment and cleanliness at the site."
PPG,Production Operator,Production Operator,"s, and repairs","Cleveland, Ohio, United States of America Operations Category Manufacturing Job Type Full time Job Id JR264603 Apply Now Save job Back to search results Immediately Hiring",,,Full Time,https://careers.ppg.com/us/en/job/JR264603/Production-Operator,"Ability to lift up to 50 pounds on a consistent basis throughout the day., Experience in a manufacturing or warehouse environment is preferred.","Hiring 2nd and 3rd Shifts, Monday - Friday, Overtime as Needed, Differential for 2nd and 3rd Shift."
PPG,QC Technician,QC Technician,Responsible for the quality of every complete batch Responsible for the EHS and 5S in the work area Make decision on solving nonconformance products About us,"Hai Phong city, H",,,Full Time,https://careers.ppg.com/us/en/job/JR265516/QC-Technician,"We require high school graduation and prefer chemical college., Minimum 2 years working experience in manufacturing plant preferably in powder coating industry and QC function, Responsible for the quality of every complete batch, Responsible for the EHS and 5S in the work area, Make decision on solving nonconformance products","You will ensure product quality control and compliance, verifying that all production batches meet required standards before delivery. Reporting to the QA/QC supervisor, you'll involve in monitoring production data, conducting quality analysis, and supporting new product development, while maintaining accurate records and driving continuous improvement in QC processes. Also, you will promote EHS and 5S practices, contributing to a safe, efficient, and well‑organized production environment."
PPG,Business Analyst Sr.,Business Analyst Sr.,on actions to keep proper inventory levels and calculate Obsolete reserves in a timely manner,San Juan del R,,,Full Time,https://careers.ppg.com/us/en/job/JR265843/Business-Analyst-Sr,"Our employee benefits programs are designed to support the health and well-being of our employees. Any insurance coverages and benefits will be in accordance with the terms and conditions of the applicable plans and associated governing plan documents. Benefits will be discussed with you by your recruiter during the hiring process., PPG values your feedback on our recruiting process. We encourage you to visit Glassdoor.com and provide feedback on the process, so that we can do better today than yesterday., Explore Location, Apply Now, Save job, Get notified for similar jobs, Sign up to receive job alerts, Enter Email address (Required), By checking this box, I consent to receive transactional and marketing text messages regarding employment opportunities., I have read and accept the privacy policy and terms of use. *","The Senior Business Analyst will comprehend corporate procedures, create plans to maximize production and efficiency and reduce complexity in reporting."
PPG,Operational Excellence Engineer,Operational Excellence Engineer,"al workshops Partner with Operations, Maintenance, Engineering, Quality, Supply Chain, and EHS teams Train and mentor employees on Lean principles and problem-solving methods Support change management and sustain operational improvements Track and communicate performance metrics and improvement results Qualifications","Oak Creek, Wisconsin, United States of America Operations Category Manufacturing Job Type Full time Job Id JR266075 Apply Now Save job Back to search results The Operational Excellence Engineer is responsible for driving continuous improvement and elevating operational performance across the site",,Onsite,Full Time,https://careers.ppg.com/us/en/job/JR266075/Operational-Excellence-Engineer,"Ability to influence teams and work closely with operations, Proficient in Excel; Power BI experience is a plus","The Operational Excellence Engineer is responsible for driving continuous improvement and elevating operational performance across the site. You will lead initiatives that improve safety, quality, delivery, cost, and sustainability through structured problem-solving, standardization, data-driven decision-making, and effective change management."
PPG,Lead Customer Service Assistant,Lead Customer Service Assistant,"of customer service representatives who handle customer inquiries, manage orders and issue resolution through telephone and email","Avon, Massachusetts, United States of America Aerospace Products Category Sales",,Onsite,Full Time,https://careers.ppg.com/us/en/job/JR266395/Lead-Customer-Service-Assistant,"2+ years of customer service management experience., Prior experience as a senior or lead‑level Customer Service Representative., QAD knowledge is helpful., Only U.S. Citizens, Green Card holders, and political asylees or refuges are eligible to apply., The base salary range for this position is $50,000 to $60,000, with a possibility of an annual bonus up to 2.5% of base salary. PPG offers comprehensive benefits such as Health, Dental, Life, Retirement Plan, Paid Vacation and Holidays, Employee Assistance Program (EAP), Disability/Leave, Family Leave and other Voluntary benefit offerings. Actual benefit offerings confirmed at the time of hire., #LI-Onsite, 401K, Medical Dental Vision, Paid Time Off","The Customer Service Lead supports the manager by providing day‑to‑day leadership for a team of customer service representatives who handle customer inquiries, manage orders and issue resolution through telephone and email. You will be a first‑level resource for the team, offering guidance, troubleshooting support, and escalation handling while helping ensure service quality and adherence to established processes. This onsite role will sit in Avon, MA and will report to the Customer Service Manager."
jpmorgan,"J.P. Morgan Wealth Management – Private Client Advisor - Seal Beach, Huntington Beach and Los Alamitos, CA","J.P. Morgan Wealth Management – Private Client Advisor - Seal Beach, Huntington Beach and Los Alamitos, CA","Consumer & Community Banking Posting Date 06/03/2026, 01","s Seal Beach, CA, United States Huntington Beach, CA, United States Los Alamitos, CA, United States Job Schedule Full time Base Pay/Salary Seal Beach,CA",on 06,On-Site,Full Time,https://jpmc.fa.oraclecloud.com/hcmUI/CandidateExperience/en/sites/CX_1001/job/210630279,"Demonstrate a deep understanding of financial markets and sound business judgement, Exhibit unwavering integrity that points toward doing right by clients at every opportunity, Demonstrate a passion for educating clients on the technology and channels available to them to better monitor, maintain, and handle their investments, Provide a holistic view of clients’ needs and financial coaching beyond investments, Embrace digital innovations to help clients become more digitally confident and bank when, where, and how they want, Required qualifications, capabilities, and skills, At least 2 years in a Financial Advisor role or equivalent financial services experience, Demonstrated success in client acquisition, cultivating and maintaining client relationships, and integrating with key partners, Demonstrated ability and commitment to goals-based planning and advice, A valid and active Series 7","This position is subject to Section 19 of the Federal Deposit Insurance Act. As such, an employment offer for this position is contingent on JPMorganChase’s review of criminal conviction history, including pretrial diversions or program entries."
jpmorgan,Payments Sales Manager - Broker Dealers & Market Structure - Executive Director,Payments Sales Manager - Broker Dealers & Market Structure - Executive Director,"Commercial & Investment Bank Posting Date 06/03/2026, 04","s 390 Madison Ave, New York, NY, 10017, US 10 S Dearborn St, Chicago, IL, 60603, US 875 15th St NW, Washington, DC, 20005, US Job Schedule Full time Base Pay/Salary New York,NY",on 05,On-Site,Full Time,https://jpmc.fa.oraclecloud.com/hcmUI/CandidateExperience/en/sites/CX_1001/job/210640571,"10+ years experience selling cash and liquidity management products with in-depth knowledge of such products., Proactive with strong initiative and good team player with ability to take ownership and achieve sales goals., Strong knowledge in cash, foreign exchange, liquidity and information management products., Familiarity with innovative cutting edge treasury/payments products, in addition to an understanding of the credit/risk process and the compliance nuances of digital assets., Demonstrated ability to work across internal teams and external clients globally., Demonstrated ability to identify supplemental sales opportunities, position and close new business, and assist in the design, sale and delivery of value-added services., Competence in assessing new opportunities/prospecting, contacting key decision makers., Strong account planning and demonstrated execution., Comprehension of customer's industries (broker dealers, market makers, exchanges/clearinghouse), business needs and potential solutions., Excellent verbal communication and negotiation skills.",Join the NA Broker Dealers and Market Structure Payments Sales team!
jpmorgan,Quantitative Trading & Research – Markets Treasury – Associate,Quantitative Trading & Research – Markets Treasury – Associate,"Commercial & Investment Bank Posting Date 06/03/2026, 12","s 270 Park Ave, New York, NY, 10017, US Job Schedule Full time Base Pay/Salary New York,NY",on 04,On-Site,Full Time,https://jpmc.fa.oraclecloud.com/hcmUI/CandidateExperience/en/sites/CX_1001/job/210679055,"Experience within a quantitative role in finance, Hold an advanced degree (Master’s) or equivalent in a quantitative discipline such as Mathematics, Computer Science, Physics, or Engineering, Demonstrate expert-level programming skills, particularly in Python, with experience leading development of large-scale, production-grade systems and mentoring others in best coding practices., Exhibit exceptional quantitative and analytical problem-solving abilities, Markets experience and a comprehensive understanding of trading concepts, strategies, and terminology, Possess outstanding communication skills, adept at engaging and influencing senior stakeholders on complex technical topics and translating technical concepts into actionable business insights., Demonstrate ability to master new business domains and adapting to evolving business priorities, proactively identifying areas for strategic growth and improvement., Apply strategic and creative thinking to both challenges and opportunities, driving continuous innovation and fostering a culture of forward-thinking problem solving., Champion robust system and solution architecture, ensuring rigorous testing, verification, and adherence to best practices in design and implementation across teams.","Quantitative Research (QR) is an expert quantitative modelling group in J.P. Morgan, as well as a leader in financial engineering, data analytics, statistical modelling and portfolio management. As a global team, QR partners with traders, marketers and risk managers across all products and regions."
jpmorgan,U.S. Private Bank – Private Banker – Executive Director,U.S. Private Bank – Private Banker – Executive Director,"Asset & Wealth Management Posting Date 06/03/2026, 02","s 650 S Exeter St, Baltimore, MD, 21202, US Job Schedule Full time Job Shift Day Base Pay/Salary Baltimore,MD",on 11,On-Site,Full Time,https://jpmc.fa.oraclecloud.com/hcmUI/CandidateExperience/en/sites/CX_1001/job/210685188,"Fifteen plus years of work experience in Private Banking or Financial Services, Bachelor’s Degree required, Series 7, 66 and Insurance licenses required for position; unlicensed candidates considered, but required to obtain licenses within 90 days of start date, Proven sales success and strong business acumen, Strong community presence with an established network, Experience or demonstrated understanding of investments, wealth planning, credit and banking concepts, Focuses on the client experience and works tirelessly on the client’s behalf","We are actively looking for exceptionally talented individuals who are collaborative, confident and motivated to provide a first-class experience to clients within J.P. Morgan’s U.S. Private Bank. If you have an entrepreneurial mindset and are looking to constantly challenge yourself, J.P. Morgan is the place for you. You will be working alongside a team of talented colleagues from other markets, businesses and functions to provide you with the opportunity to take your career to the next level. As a Private Banker in the U.S. Private Bank, you are responsible for advising families on building, preserving and managing their wealth. You will use your knowledge of investments, financial planning, credit and banking to both advise current clients on all aspects of their balance sheet and generate new client acquisition. You will be part of a local team and supported by an institutional platform that has the resources, specialists and intellectual capital to help you advise clients on achieving their desired goals."
jpmorgan,Global Investment Banking - Mergers & Acquisitions- Analyst/ Associate,Global Investment Banking - Mergers & Acquisitions- Analyst/ Associate,"Commercial & Investment Bank Posting Date 06/02/2026, 04","s 35, Seosomun-ro 11-gil, Jung-gu, Seoul, 04516, KR Apply Before 07/11/2026, 12",on 05,,Full Time,https://jpmc.fa.oraclecloud.com/hcmUI/CandidateExperience/en/sites/CX_1001/job/210697202,"Building your professional network with mentors, senior executives and others, Required Qualifications, capabilities and skills, Bachelor’s degree in Finance, Economics, Accounting or other related disciplines, Minimum 1 year experience working in the front office of a top tier Investment Bank, Excellent analytical, quantitative and communication skills, Good understanding of the M&A and capital markets transaction cycle and processes involved, Excellent leadership and collaborative skills, Knowing your way around Excel, PowerPoint and Word, Fluency in Korean language skills since this role will be supporting & interacting with Korean clients","Starting your career in Investment Banking Division as an Analyst/Associate in the Mergers & Acquisition team, you will be a key player in the execution of the firm's business. Senior bankers will get to know you - both as a person and as a valued member of a winning team."
jpmorgan,Market and Product Expansion Director – Treasury Services & Payments – Executive Director – Riyadh,Market and Product Expansion Director – Treasury Services & Payments – Executive Director – Riyadh,"Commercial & Investment Bank Posting Date 06/03/2026, 02",s Al Faisaliah Tower Floor 8 and 25,,,Full Time,https://jpmc.fa.oraclecloud.com/hcmUI/CandidateExperience/en/sites/CX_1001/job/210701246,"Proven experience or equivalent expertise in Product, Technology, or Project Management, ideally across multiple disciplines (e.g., Sales, Client Management, Product, Operations, Risk, Legal, Finance)., Advanced level knowledge of risk management and controls, regional and local nuances, and governance requirements., Strong business understanding of Saudi Arabia and the broader CEEMEA region., Extensive experience in the payments industry, including building and delivering payment or growth strategies for financial institutions, and a deep understanding of payments and treasury services products., Proven ability to identify opportunities for market growth in line with regulatory requirements., Demonstrated prior experience influencing across functions and teams while delivering value at scale., Ability to quickly build strong partnerships, credibility, and influence with technology, functional partners, and senior management., Strong leadership and experience in managing and motivating teams from diverse backgrounds and seniority., Commercially minded individual with creative problem solving, capable of developing innovative and differentiated solutions., Proven ability to operate effectively within a matrix organization and across various stakeholders.",Release your expertise and navigate regulatory landscapes to bring products to life in a global market. Shape your future and ours as you collaborate with teams and bridge products with market demands.
jpmorgan,"J.P. Morgan Wealth Management – Market Director of Wealth - Staten Island, NY","J.P. Morgan Wealth Management – Market Director of Wealth - Staten Island, NY","Consumer & Community Banking Posting Date 06/02/2026, 09","s 277 Park Ave, New York, NY, 10172, US Job Schedule Full time Base Pay/Salary Brooklyn,NY",on 01,On-Site,Full Time,https://jpmc.fa.oraclecloud.com/hcmUI/CandidateExperience/en/sites/CX_1001/job/210702452,"At least 5 years of Advisor management experience required, coupled with a proven track record of developing and coaching high performing Advisor team, Ability to travel 50% of the time, A valid and active FINRA Series 7, 66 (or equivalent) is required, A valid and active FINRA Series 9/10 (or equivalent) is required and must be obtained or retained within a 60 day condition of employment, Proven ability to recruit, source and attract internal and external Advisor talent by building and maintaining personal network of contacts, High degree of investment services and product acumen and keen interest in the financial markets, Strong communication skills, attention to detail, excellent follow-through and a strong commitment to upholding a sound risk and controls environment","Chase is a leading financial services firm, helping nearly half of America’s households and small businesses achieve their financial goals through a broad range of financial products. Our mission is to create engaged, lifelong relationships and put our customers at the heart of everything we do. We also help small businesses, nonprofits and cities grow, delivering solutions to solve all their financial needs."
jpmorgan,"Lead Software Engineer - C++, Data Structures- Electronic Trading Tech","Lead Software Engineer - C++, Data Structures- Electronic Trading Tech","Commercial & Investment Bank Posting Date 06/02/2026, 02","s VENTURA TOWERS,2ND3RD,4TH,5TH",on 05,,Full Time,https://jpmc.fa.oraclecloud.com/hcmUI/CandidateExperience/en/sites/CX_1001/job/210704870,"Formal training or certification on software engineering concepts and 5+ years applied experience, Advanced proficiency in C++11/14, STL, and data structures., Strong Unix/Linux expertise, with deep knowledge of multithreading and TCP/IP network programming., Solid understanding of Object-Oriented Programming, software architecture, and algorithms., Experience across all aspects of the Software Development Life Cycle.","We have an opportunity to work on innovative, mission-critical technology in a collaborative, global environment. Be part of a team that values creativity, initiative, and professional growth."
jpmorgan,Lead Software Engineer -Java/AWS,Lead Software Engineer -Java/AWS,"Consumer & Community Banking Posting Date 06/03/2026, 04","s 450 W 33rd St, New York, NY, 10001, US 880 Powder Mill Rd, Wilmington, DE, 19803, US Job Schedule Full time Base Pay/Salary New York,NY",on 05,On-Site,Full Time,https://jpmc.fa.oraclecloud.com/hcmUI/CandidateExperience/en/sites/CX_1001/job/210706560,"Formal training or certification on software engineering concepts and 5+ years applied experience, Experience leading teams of technologists and ability to guide and coach teams on approach to achieve goals aligned against a set of strategic initiatives, Experience with hiring, developing, and recognizing talent., Hands-on practical experience delivering system design, application development, testing, and operational stability, Advanced knowledge of software applications and technical processes with considerable in-depth knowledge in one or more technical disciplines (e.g., cloud, artificial intelligence, machine learning, mobile, etc.), Ability to tackle design and functionality problems independently with little to no oversight, Proficiency in Java/J2EE and REST APIs, Web Services and experience in building event-driven Micro Services and Kafka streaming., Experience in Spring Framework, Spring Boot and AWS Services in public cloud infrastructure, Solid understanding of agile methodologies such as CI/CD, Applicant Resiliency, and Security, Working proficiency in developmental toolsets like GIT/Bitbucket, JIRA, Maven","Be an integral part of an agile team that's constantly pushing the envelope to enhance, build, and deliver top-notch technology products."
jpmorgan,Fund Services Accounting Trades,Fund Services Accounting Trades,"Commercial & Investment Bank Posting Date 06/02/2026, 06","s Nirlon Knowledge Park, Western Express Highway, Goregaon (East), Mumbai, IN-MH, 400063, IN Apply Before 06/30/2026, 12",on 04,,Full Time,https://jpmc.fa.oraclecloud.com/hcmUI/CandidateExperience/en/sites/CX_1001/job/210706713,"Job responsibilities, Oversee the maintenance of accurate accounting and securities records for each fund administered, ensuring adherence to all prescribed controls for fund accounting processes., Investigate and resolve issues where accounting or securities transactions breach the validation tolerances of the JP Morgan system, applying advanced problem-solving skills., Implement operational procedures to complete tasks accurately and timely., Partner with various Operations Teams, Technology, Product, Sales, Program Management., Identify and address vulnerabilities in our fund servicing processes, leveraging your proficiency in continuous improvement to enhance efficiency and resilience., Required qualifications, capabilities, and skills, Demonstrated expertise in fund accounting and administration, with at least five years of experience focusing on maintaining accurate accounting and securities records, evidenced by successful management of related tasks and responsibilities., Demonstrated proficiency in identifying and resolving issues related to accounting or securities transactions, ensuring compliance with validation tolerances., Proven ability to implement operational procedures and controls, with a focus on enhancing cybersecurity and anti-fraud measures.","JPMorganChase, one of the oldest financial institutions, offers innovative financial solutions to millions of consumers, small businesses and many of the world’s most prominent corporate, institutional and government clients under the J.P. Morgan and Chase brands. Our history spans over 200 years and today we are a leader in investment banking, consumer and small business banking, commercial banking, financial transaction processing and asset management. We recognize that our people are our strength and the diverse talents they bring to our global workforce are directly linked to our success. We are an equal opportunity employer and place a high value on diversity and inclusion at our company. We do not discriminate on the basis of any protected attribute, including race, religion, color, national origin, gender, sexual orientation, gender identity, gender expression, age, marital or veteran status, pregnancy or disability, or any other basis protected under applicable law. We also make reasonable accommodations for applicants’ and employees’ religious practices and beliefs, as well as mental health or physical disability needs. Visit our FAQs for more information about requesting an accommodation."
jpmorgan,"J.P. Morgan Wealth Management - Vice President, Wealth Management Solutions","J.P. Morgan Wealth Management - Vice President, Wealth Management Solutions","Asset & Wealth Management Posting Date 06/02/2026, 09","s 277 Park Ave, New York, NY, 10172, US Job Schedule Full time Base Pay/Salary New York,NY",on 04,On-Site,Full Time,https://jpmc.fa.oraclecloud.com/hcmUI/CandidateExperience/en/sites/CX_1001/job/210706795,"7+ years of experience in derivatives, options, structured products, or capital markets–related roles., Strong technical background in options pricing, payoff analysis, risk management, and portfolio construction., Experience working directly with advisors, portfolio managers, or client-facing teams in a consultative capacity., Demonstrated ability to bridge technical expertise with commercial outcomes., Bachelor’s degree required","The J.P. Morgan Wealth Management (USWM) business is focused on helping investors achieve their long-term financial goals and is comprised of the Chase wealth management business, J.P. Morgan Advisors, Personal Advisors and Self-Directed - our digital investing platform. The combined business has ~$600 billion in Assets Under Management and ~5,000 advisors located across 3,500 branches and 20 offices."
jpmorgan,Firmwide Economic Scenarios - Analyst,Firmwide Economic Scenarios - Analyst,"Corporate Sector Posting Date 06/03/2026, 01","s 270 Park Ave, New York, NY, 10017, US Job Schedule Full time Job Shift Day Base Pay/Salary New York,NY",,On-Site,Full Time,https://jpmc.fa.oraclecloud.com/hcmUI/CandidateExperience/en/sites/CX_1001/job/210707004,"Job Responsibilities, Support the execution of macroeconomic forecasts that make up the scenarios, working closely with key forecasting partners and consumers of the scenarios., Monitor and prepare commentary on economic releases and events, monitor evolving risks, stay abreast of trends in economics and financial markets, and anticipate implications for macroeconomic forecasting and scenario design., Manage multiple project workstreams as well as inbound questions, deliverables, and ad-hoc requests, with an emphasis on accuracy and timeliness of meeting deliverables on prescribed timelines., Develop executive-level presentations for senior management and internal stakeholders., Interact with and guide quantitative model development teams for the development and enhancement of macroeconomic forecasting methodologies., Lead ad-hoc analysis and conduct economic research as needed., Required Qualifications, Skills, and Capabilities, Strong quantitative skills: Master’s or Bachelor's degree in Economics, Econometrics, Quantitative Finance, or related field., At least 1 years of relevant work experience in research/forecasting/business analytics for a leading financial institution/central bank/consulting firm or similar, with a strong background/interest in economics.","Join a dynamic team within the Office of the Chief Financial Officer, where you'll oversee the development and distribution of macroeconomic scenarios used in the Firm's forecasting processes. Collaborate with Economics and Strategy Research teams, Chief Risk Officer, Chief Financial Officer, Financial Planning teams, and other corporate areas. Cover key U.S. and global macroeconomic indicators, rates, equities, FX and credit markets, real estate markets, and more. A broad knowledge base across economics and finance is essential. Develop scenarios across a range of potential economic backdrops distributed Firmwide."
jpmorgan,Part Time Associate Banker Newport Beach (30 hours),Part Time Associate Banker Newport Beach (30 hours),"Consumer & Community Banking Posting Date 06/02/2026, 09","s 1000 Irvine Ave, Newport Beach, CA, 92660, US Job Schedule Part time Job Shift Variable Base Pay/Salary Newport Beach,CA",on 05,On-Site,Part Time,https://jpmc.fa.oraclecloud.com/hcmUI/CandidateExperience/en/sites/CX_1001/job/210708024,"Ability to put clients first and exceed their expectations – delivering attentive and friendly service, creating a welcoming environment., Ability to build trusted relationships – demonstrating genuine care and concern during interactions with clients., Ability to engage clients – communicating clearly and politely to understand and help, anticipating client needs., Ability to quickly and effectively resolve client issues with attention to detail – providing a consistent client experience., Ability to elevate the client experience – working collaboratively as a team to deliver seamless service with care and sincerity., Ability to quickly and accurately learn products, services, and procedures., Client service experience or comparable experience., High school diploma or GED equivalent.","This position is subject to Section 19 of the Federal Deposit Insurance Act. As such, an employment offer for this position is contingent on JPMorganChase’s review of criminal conviction history, including pretrial diversions or program entries."
jpmorgan,Part Time Associate Banker Austin North (30 Hours),Part Time Associate Banker Austin North (30 Hours),"Consumer & Community Banking Posting Date 06/03/2026, 07","s 1111 N Interstate 35, Round Rock, TX, 78664, US Job Schedule Part time Job Shift Variable JOB DESCRIPTION At Chase, we are passionate about creating memorable experiences for our clients and employees, making them feel welcomed, valued, and understood",on 05,On-Site,Part Time,https://jpmc.fa.oraclecloud.com/hcmUI/CandidateExperience/en/sites/CX_1001/job/210708041,"Ability to put clients first and exceed their expectations – delivering attentive and friendly service, creating a welcoming environment., Ability to build trusted relationships – demonstrating genuine care and concern during interactions with clients., Ability to engage clients – communicating clearly and politely to understand and help, anticipating client needs., Ability to quickly and effectively resolve client issues with attention to detail – providing a consistent client experience., Ability to elevate the client experience – working collaboratively as a team to deliver seamless service with care and sincerity., Ability to quickly and accurately learn products, services, and procedures., Client service experience or comparable experience., High school diploma or GED equivalent.","Chase is a leading financial services firm, helping nearly half of America’s households and small businesses achieve their financial goals through a broad range of financial products. Our mission is to create engaged, lifelong relationships and put our customers at the heart of everything we do. We also help small businesses, nonprofits and cities grow, delivering solutions to solve all their financial needs."
jpmorgan,Part Time Associate Banker Eastside South(30 Hours),Part Time Associate Banker Eastside South(30 Hours),"Consumer & Community Banking Posting Date 06/03/2026, 03","s 150 Logan Ave S, Renton, WA, 98057, US Job Schedule Part time Job Shift Variable Base Pay/Salary Renton,WA",on 05,On-Site,Part Time,https://jpmc.fa.oraclecloud.com/hcmUI/CandidateExperience/en/sites/CX_1001/job/210708308,"Ability to put clients first and exceed their expectations – delivering attentive and friendly service, creating a welcoming environment., Ability to build trusted relationships – demonstrating genuine care and concern during interactions with clients., Ability to engage clients – communicating clearly and politely to understand and help, anticipating client needs., Ability to quickly and effectively resolve client issues with attention to detail – providing a consistent client experience., Ability to elevate the client experience – working collaboratively as a team to deliver seamless service with care and sincerity., Ability to quickly and accurately learn products, services, and procedures., Client service experience or comparable experience., High school diploma or GED equivalent.","Chase is a leading financial services firm, helping nearly half of America’s households and small businesses achieve their financial goals through a broad range of financial products. Our mission is to create engaged, lifelong relationships and put our customers at the heart of everything we do. We also help small businesses, nonprofits and cities grow, delivering solutions to solve all their financial needs."
jpmorgan,Part Time Associate Banker WA South (30 hours),Part Time Associate Banker WA South (30 hours),"Consumer & Community Banking Posting Date 06/03/2026, 05","s 200 NE 78th St, Vancouver, WA, 98665, US Job Schedule Part time Job Shift Variable Base Pay/Salary Vancouver,WA",on 05,On-Site,Part Time,https://jpmc.fa.oraclecloud.com/hcmUI/CandidateExperience/en/sites/CX_1001/job/210708429,"Ability to put clients first and exceed their expectations – delivering attentive and friendly service, creating a welcoming environment., Ability to build trusted relationships – demonstrating genuine care and concern during interactions with clients., Ability to engage clients – communicating clearly and politely to understand and help, anticipating client needs., Ability to quickly and effectively resolve client issues with attention to detail – providing a consistent client experience., Ability to elevate the client experience – working collaboratively as a team to deliver seamless service with care and sincerity., Ability to quickly and accurately learn products, services, and procedures., Client service experience or comparable experience., High school diploma or GED equivalent.","Chase is a leading financial services firm, helping nearly half of America’s households and small businesses achieve their financial goals through a broad range of financial products. Our mission is to create engaged, lifelong relationships and put our customers at the heart of everything we do. We also help small businesses, nonprofits and cities grow, delivering solutions to solve all their financial needs."
jpmorgan,Part Time Associate Banker Willamette Valley (30 hours),Part Time Associate Banker Willamette Valley (30 hours),"Consumer & Community Banking Posting Date 06/03/2026, 05","s 110 Hawthorne Ave SE, Salem, OR, 97301, US Job Schedule Part time Job Shift Variable JOB DESCRIPTION At Chase, we are passionate about creating memorable experiences for our clients and employees, making them feel welcomed, valued, and understood",on 06,On-Site,Part Time,https://jpmc.fa.oraclecloud.com/hcmUI/CandidateExperience/en/sites/CX_1001/job/210708447,"Ability to put clients first and exceed their expectations – delivering attentive and friendly service, creating a welcoming environment., Ability to build trusted relationships – demonstrating genuine care and concern during interactions with clients., Ability to engage clients – communicating clearly and politely to understand and help, anticipating client needs., Ability to quickly and effectively resolve client issues with attention to detail – providing a consistent client experience., Ability to elevate the client experience – working collaboratively as a team to deliver seamless service with care and sincerity., Ability to quickly and accurately learn products, services, and procedures., Client service experience or comparable experience., High school diploma or GED equivalent.","Chase is a leading financial services firm, helping nearly half of America’s households and small businesses achieve their financial goals through a broad range of financial products. Our mission is to create engaged, lifelong relationships and put our customers at the heart of everything we do. We also help small businesses, nonprofits and cities grow, delivering solutions to solve all their financial needs."
jpmorgan,Part Time Associate Banker Willamette Valley Eugene (30 hours),Part Time Associate Banker Willamette Valley Eugene (30 hours),"Consumer & Community Banking Posting Date 06/03/2026, 05","s 3545 Gateway St, Springfield, OR, 97477, US Job Schedule Part time Job Shift Variable JOB DESCRIPTION At Chase, we are passionate about creating memorable experiences for our clients and employees, making them feel welcomed, valued, and understood",on 06,On-Site,Part Time,https://jpmc.fa.oraclecloud.com/hcmUI/CandidateExperience/en/sites/CX_1001/job/210708451,"Ability to put clients first and exceed their expectations – delivering attentive and friendly service, creating a welcoming environment., Ability to build trusted relationships – demonstrating genuine care and concern during interactions with clients., Ability to engage clients – communicating clearly and politely to understand and help, anticipating client needs., Ability to quickly and effectively resolve client issues with attention to detail – providing a consistent client experience., Ability to elevate the client experience – working collaboratively as a team to deliver seamless service with care and sincerity., Ability to quickly and accurately learn products, services, and procedures., Client service experience or comparable experience., High school diploma or GED equivalent.","Chase is a leading financial services firm, helping nearly half of America’s households and small businesses achieve their financial goals through a broad range of financial products. Our mission is to create engaged, lifelong relationships and put our customers at the heart of everything we do. We also help small businesses, nonprofits and cities grow, delivering solutions to solve all their financial needs."
jpmorgan,Compliance - Quant Modeling Senior Associate (Fair Lending) - Associate,Compliance - Quant Modeling Senior Associate (Fair Lending) - Associate,"Corporate Sector Posting Date 06/03/2026, 05","s 201 N Walnut St, Wilmington, DE, 19801, US 545 Washington Blvd, Jersey City, NJ, 07310, US 10420 Highland Manor Dr, Tampa, FL, 33610, US 8181 Communications Pkwy Ste C, Plano, TX, 75024, US Job Schedule Full time Job Shift Day Base Pay/Salary Jersey City,NJ",on 04,On-Site,Full Time,https://jpmc.fa.oraclecloud.com/hcmUI/CandidateExperience/en/sites/CX_1001/job/210708582,"JPMorgan Chase and Co. (JPMorgan Chase) is committed to providing fair, equitable, and nondiscriminatory access to credit for both individuals and communities. This commitment is part of our fundamental mission of providing quality financial services to existing and prospective customers in accordance with all applicable laws and serving unique customers. As part of this mission the Office of Fair Lending (OFL) executes a robust program that oversees the firm’s compliance with fair lending laws., Job Responsibilities, Conduct statistical analyses and bias testing to review business models, including traditional models, machine learning / artificial intelligence models (ML/AI) as well as Gen AI based models for fair lending compliance This role offers a unique opportunity to gain exposure to a wide variety of models across different lines of business, enhancing your expertise and broadening your understanding of diverse modeling approaches., Engage with extensive model documentation to thoroughly understand the models you review from a fair lending perspective, allowing you to develop a comprehensive understanding of complex models and their applications., Build data-driven algorithms to mitigate potential disparate impact of models by working alongside model developers, business strategy owners & Legal to develop less discriminatory alternative models, Prepare presentations & reports to explain statistical results in both non-technical and technical formats to various stakeholders such as senior management, Legal, Model developers, Model Governance etc., Perform research & development to keep the fair lending compliance program aligned with industry and regulatory standards, Create model documentation; work with Control, Audit and Model Governance teams to ensure adequacy of processes, statistical models and model reviews, Support the team in maintaining relevant policies & procedures and representing fair lending in regulatory exams, audits and other areas related to internal governance, Perform other related duties as assigned","Bring your expertise to JPMorgan Chase. As part of Risk Management and Compliance, you are at the center of keeping JPMorgan Chase strong and resilient. You help the firm grow its business in a responsible way by anticipating new and emerging risks and using your expert judgement to solve real-world challenges that impact our company, customers and communities. Our culture in Risk Management and Compliance is all about thinking outside the box, challenging the status quo and striving to be best-in-class."
jpmorgan,"Part Time Associate Banker Financial District, Bay Area (30 Hours)","Part Time Associate Banker Financial District, Bay Area (30 Hours)","(30 Hours) San Francisco, CA, United States APPLY NOW JOB INFORMATION Job Identification 210709286 Job Category Associate Bankers Business Unit Consumer & Community Banking Posting Date 06/03/2026, 05","s 700 Market St, San Francisco, CA, 94102, US Job Schedule Part time Job Shift Variable Base Pay/Salary San Francisco,CA",on 05,On-Site,Part Time,https://jpmc.fa.oraclecloud.com/hcmUI/CandidateExperience/en/sites/CX_1001/job/210709286,"Ability to put clients first and exceed their expectations – delivering attentive and friendly service, creating a welcoming environment., Ability to build trusted relationships – demonstrating genuine care and concern during interactions with clients., Ability to engage clients – communicating clearly and politely to understand and help, anticipating client needs., Ability to quickly and effectively resolve client issues with attention to detail – providing a consistent client experience., Ability to elevate the client experience – working collaboratively as a team to deliver seamless service with care and sincerity., Ability to quickly and accurately learn products, services, and procedures., Client service experience or comparable experience., High school diploma or GED equivalent.","This position is subject to Section 19 of the Federal Deposit Insurance Act. As such, an employment offer for this position is contingent on JPMorganChase’s review of criminal conviction history, including pretrial diversions or program entries."
jpmorgan,Media Relations Associate - Commercial & Investment Bank,Media Relations Associate - Commercial & Investment Bank,"Commercial & Investment Bank Posting Date 06/03/2026, 01","s 25 Bank Street, Canary Wharf, London, Greater London, E14 5JP, GB Job Schedule Full time JOB DESCRIPTION J",on 12,,Full Time,https://jpmc.fa.oraclecloud.com/hcmUI/CandidateExperience/en/sites/CX_1001/job/210710195,"Strong written and verbal skills with the confidence to communicate with senior stakeholders, A good nose for news in the financial services, banking and capital markets spaces, An obsessive attention to detail, a deep respect for journalism, an appetite for reading around the subject, and a curiosity to learn more about the markets and the role of banks, Excellent organizational skills with the ability to multitask and prioritise high volume, high priority initiatives in a deadline-driven environment, Strong interpersonal, networking and presentation skills, creativity, and ability to make sound media judgement calls, Enthusiastic with a ‘can do’ approach for all aspects of their work, Ability to work independently to execute on projects while taking direction from multiple managers in a fast-paced environment, Commitment to maintaining the firm’s high standards related to risk, compliance and its Code of Conduct, Agency or in-house media relations experience preferred, ideally supporting banking or financial services companies, BA in Communications, Public Relations or Journalism preferred, but this is not essential","J.P. Morgan's Commercial & Investment Bank (CIB) is a global leader across Banking, Research, Markets, Payments and Securities Services. The Communications team within CIB is responsible for Media Relations, Internal Communications and Social Media."
jpmorgan,Business Analyst - Home Lending - Operational Initiative and Employee Support,Business Analyst - Home Lending - Operational Initiative and Employee Support,"Consumer & Community Banking Posting Date 06/02/2026, 09","s 9th Avenue corner 38th Street, Uptown Bonifacio, Taguig City, National Cap Region, 1635, PH Job Schedule Full time Job Shift Night JOB DESCRIPTION Join our team to directly enhance the home lending journey for customers",on 04,,Full Time,https://jpmc.fa.oraclecloud.com/hcmUI/CandidateExperience/en/sites/CX_1001/job/210711729,"Bachelor’s degree or equivalent experience., Home Lending experience., 3 years of experience in business analysis, project management, or related fields in customer-centric functions., 1 year of experience leading initiatives or projects end to end., Knowledge of financial services, regulatory expectations, and risk management practices, Ability to manage multiple initiatives at different lifecycle stages in an Agile environment, Strong communication, organization, and consultative skills with the ability to prioritize effectively, Ability to work independently and deliver on daily tasks and assigned initiatives, Functional or technical depth enabling independent judgment on key department activities, Proficiency with data analysis and visualization tools such as SQL, Tableau, Power BI, or Alteryx","Join our team to directly enhance the home lending journey for customers. Lead impactful initiatives that streamline operations and reduce costs. Collaborate across functions to bring strategies to life. If you thrive on data and change leadership, this role offers a chance to make a swift, visible impact. Grow with us while delivering meaningful outcomes for both customers and the business."
jpmorgan,"Agentic Commerce, Vice President","Agentic Commerce, Vice President","Consumer & Community Banking Posting Date 06/03/2026, 08","s 450 W 33rd St, New York, NY, 10001, US Apply Before 06/26/2026, 12",on 03,On-Site,Full Time,https://jpmc.fa.oraclecloud.com/hcmUI/CandidateExperience/en/sites/CX_1001/job/210742747,"7+ years of experience in financial services, digital, product management and/or Agile software development., Experience in online payments including card, digital wallets, and e-commerce payments., Passion for understanding customer needs and demonstrated ability to build digital products., Ability to think strategically and to connect the dots to the bigger picture, while still comfortable diving into the details required to ensure successful execution., Proven success in collaborating, influencing and driving decisions with multiple stakeholders, including team members across product, technology and design., Proven track record of managing risk and controls., Bachelor's degree in Computer Science, Business Management or comparable field of study.","The Payments organization is a motivated, forward-thinking team comprised of high talent product managers with a singular focus of delivering innovative payment services via the most important platforms of today and tomorrow. We seek to transform customer experiences, simplify the ways we do business, and tirelessly drive toward product excellence. We value controls, simplicity, and consistency in the capabilities and features we deliver."
jpmorgan,Senior Cash Operations - Associate,Senior Cash Operations - Associate,"Commercial & Investment Bank Posting Date 06/03/2026, 08",s One,on 05,,Full Time,https://jpmc.fa.oraclecloud.com/hcmUI/CandidateExperience/en/sites/CX_1001/job/210752302,"Bachelor’s degree, Minimum 5 years of relevant experience in payments and/or cash operations within financial services., Strong knowledge of payment processing and operating models, including SWIFT and local payment channels such as MEPS, GIRO, and FAST, with awareness of regulatory requirements and industry practices., Demonstrated ability to drive operational excellence through process improvement, documentation discipline, and effective controls., Strong analytical and problem-solving skills, including ability to perform root-cause analysis and translate findings into practical actions., Experience partnering with Risk, Audit, and Compliance, including managing audit/regulatory reviews and supporting remediation., Strong stakeholder management and communication skills, able to work effectively across levels and functions, and to escalate issues appropriately., Solid PC skills with capability in project coordination and tracking delivery against timelines and client commitments.","Join our Payments Operations team and help keep our cash and payments services running safely, accurately, and on time. In this role, you will support day-to-day cash operations while improving processes, strengthening controls, and partnering with stakeholders across the business. You will contribute to change and automation initiatives, support regulatory and industry requirements, and help deliver a strong client experience. Job responsibilities"
jpmorgan,"2026 Corporate Analyst Development Program (CADP) ""Day in Bank"" Event - Sydney","2026 Corporate Analyst Development Program (CADP) ""Day in Bank"" Event - Sydney","Corporate Sector Posting Date 06/03/2026, 08","s 85 Castlereagh St, Sydney, AU-NSW, 2000, AU Apply Before 06/18/2026, 10",on 05,,Full Time,https://jpmc.fa.oraclecloud.com/hcmUI/CandidateExperience/en/sites/CX_1001/job/210754205,,"As a participant in the 2026 Corporate Analyst Development Program (CADP) Day in Bank event in Sydney, you will meet our employees in-person and gain insights to the Corporate Analyst Development Program and our Operations team. Discover how our Operations team collaborates across departments, tackles challenging projects, and serves as the backbone of our financial institution. This event is a unique opportunity to understand the critical role Operations plays in our success."
jpmorgan,"J.P. Morgan Wealth Management – Private Client Advisor - Seal Beach, Huntington Beach and Los Alamitos, CA","J.P. Morgan Wealth Management – Private Client Advisor - Seal Beach, Huntington Beach and Los Alamitos, CA","Consumer & Community Banking Posting Date 06/03/2026, 01","s Seal Beach, CA, United States Huntington Beach, CA, United States Los Alamitos, CA, United States Job Schedule Full time Base Pay/Salary Seal Beach,CA",on 06,On-Site,Full Time,https://jpmc.fa.oraclecloud.com/hcmUI/CandidateExperience/en/sites/CX_1001/job/210630279/?from=10&s=1,"Demonstrate a deep understanding of financial markets and sound business judgement, Exhibit unwavering integrity that points toward doing right by clients at every opportunity, Demonstrate a passion for educating clients on the technology and channels available to them to better monitor, maintain, and handle their investments, Provide a holistic view of clients’ needs and financial coaching beyond investments, Embrace digital innovations to help clients become more digitally confident and bank when, where, and how they want, Required qualifications, capabilities, and skills, At least 2 years in a Financial Advisor role or equivalent financial services experience, Demonstrated success in client acquisition, cultivating and maintaining client relationships, and integrating with key partners, Demonstrated ability and commitment to goals-based planning and advice, A valid and active Series 7","This position is subject to Section 19 of the Federal Deposit Insurance Act. As such, an employment offer for this position is contingent on JPMorganChase’s review of criminal conviction history, including pretrial diversions or program entries."
jpmorgan,Payments Sales Manager - Broker Dealers & Market Structure - Executive Director,Payments Sales Manager - Broker Dealers & Market Structure - Executive Director,"Commercial & Investment Bank Posting Date 06/03/2026, 04","s 390 Madison Ave, New York, NY, 10017, US 10 S Dearborn St, Chicago, IL, 60603, US 875 15th St NW, Washington, DC, 20005, US Job Schedule Full time Base Pay/Salary New York,NY",on 05,On-Site,Full Time,https://jpmc.fa.oraclecloud.com/hcmUI/CandidateExperience/en/sites/CX_1001/job/210640571/?from=10&s=1,"10+ years experience selling cash and liquidity management products with in-depth knowledge of such products., Proactive with strong initiative and good team player with ability to take ownership and achieve sales goals., Strong knowledge in cash, foreign exchange, liquidity and information management products., Familiarity with innovative cutting edge treasury/payments products, in addition to an understanding of the credit/risk process and the compliance nuances of digital assets., Demonstrated ability to work across internal teams and external clients globally., Demonstrated ability to identify supplemental sales opportunities, position and close new business, and assist in the design, sale and delivery of value-added services., Competence in assessing new opportunities/prospecting, contacting key decision makers., Strong account planning and demonstrated execution., Comprehension of customer's industries (broker dealers, market makers, exchanges/clearinghouse), business needs and potential solutions., Excellent verbal communication and negotiation skills.",Join the NA Broker Dealers and Market Structure Payments Sales team!
jpmorgan,Quantitative Trading & Research – Markets Treasury – Associate,Quantitative Trading & Research – Markets Treasury – Associate,"Commercial & Investment Bank Posting Date 06/03/2026, 12","s 270 Park Ave, New York, NY, 10017, US Job Schedule Full time Base Pay/Salary New York,NY",on 04,On-Site,Full Time,https://jpmc.fa.oraclecloud.com/hcmUI/CandidateExperience/en/sites/CX_1001/job/210679055/?from=10&s=1,"Experience within a quantitative role in finance, Hold an advanced degree (Master’s) or equivalent in a quantitative discipline such as Mathematics, Computer Science, Physics, or Engineering, Demonstrate expert-level programming skills, particularly in Python, with experience leading development of large-scale, production-grade systems and mentoring others in best coding practices., Exhibit exceptional quantitative and analytical problem-solving abilities, Markets experience and a comprehensive understanding of trading concepts, strategies, and terminology, Possess outstanding communication skills, adept at engaging and influencing senior stakeholders on complex technical topics and translating technical concepts into actionable business insights., Demonstrate ability to master new business domains and adapting to evolving business priorities, proactively identifying areas for strategic growth and improvement., Apply strategic and creative thinking to both challenges and opportunities, driving continuous innovation and fostering a culture of forward-thinking problem solving., Champion robust system and solution architecture, ensuring rigorous testing, verification, and adherence to best practices in design and implementation across teams.","Quantitative Research (QR) is an expert quantitative modelling group in J.P. Morgan, as well as a leader in financial engineering, data analytics, statistical modelling and portfolio management. As a global team, QR partners with traders, marketers and risk managers across all products and regions."
jpmorgan,U.S. Private Bank – Private Banker – Executive Director,U.S. Private Bank – Private Banker – Executive Director,"Asset & Wealth Management Posting Date 06/03/2026, 02","s 650 S Exeter St, Baltimore, MD, 21202, US Job Schedule Full time Job Shift Day Base Pay/Salary Baltimore,MD",on 11,On-Site,Full Time,https://jpmc.fa.oraclecloud.com/hcmUI/CandidateExperience/en/sites/CX_1001/job/210685188/?from=10&s=1,"Fifteen plus years of work experience in Private Banking or Financial Services, Bachelor’s Degree required, Series 7, 66 and Insurance licenses required for position; unlicensed candidates considered, but required to obtain licenses within 90 days of start date, Proven sales success and strong business acumen, Strong community presence with an established network, Experience or demonstrated understanding of investments, wealth planning, credit and banking concepts, Focuses on the client experience and works tirelessly on the client’s behalf","We are actively looking for exceptionally talented individuals who are collaborative, confident and motivated to provide a first-class experience to clients within J.P. Morgan’s U.S. Private Bank. If you have an entrepreneurial mindset and are looking to constantly challenge yourself, J.P. Morgan is the place for you. You will be working alongside a team of talented colleagues from other markets, businesses and functions to provide you with the opportunity to take your career to the next level. As a Private Banker in the U.S. Private Bank, you are responsible for advising families on building, preserving and managing their wealth. You will use your knowledge of investments, financial planning, credit and banking to both advise current clients on all aspects of their balance sheet and generate new client acquisition. You will be part of a local team and supported by an institutional platform that has the resources, specialists and intellectual capital to help you advise clients on achieving their desired goals."
jpmorgan,Global Investment Banking - Mergers & Acquisitions- Analyst/ Associate,Global Investment Banking - Mergers & Acquisitions- Analyst/ Associate,"Commercial & Investment Bank Posting Date 06/02/2026, 04","s 35, Seosomun-ro 11-gil, Jung-gu, Seoul, 04516, KR Apply Before 07/11/2026, 12",on 05,,Full Time,https://jpmc.fa.oraclecloud.com/hcmUI/CandidateExperience/en/sites/CX_1001/job/210697202/?from=10&s=1,"Building your professional network with mentors, senior executives and others, Required Qualifications, capabilities and skills, Bachelor’s degree in Finance, Economics, Accounting or other related disciplines, Minimum 1 year experience working in the front office of a top tier Investment Bank, Excellent analytical, quantitative and communication skills, Good understanding of the M&A and capital markets transaction cycle and processes involved, Excellent leadership and collaborative skills, Knowing your way around Excel, PowerPoint and Word, Fluency in Korean language skills since this role will be supporting & interacting with Korean clients","Starting your career in Investment Banking Division as an Analyst/Associate in the Mergers & Acquisition team, you will be a key player in the execution of the firm's business. Senior bankers will get to know you - both as a person and as a valued member of a winning team."
jpmorgan,Market and Product Expansion Director – Treasury Services & Payments – Executive Director – Riyadh,Market and Product Expansion Director – Treasury Services & Payments – Executive Director – Riyadh,"Commercial & Investment Bank Posting Date 06/03/2026, 02",s Al Faisaliah Tower Floor 8 and 25,,,Full Time,https://jpmc.fa.oraclecloud.com/hcmUI/CandidateExperience/en/sites/CX_1001/job/210701246/?from=10&s=1,"Proven experience or equivalent expertise in Product, Technology, or Project Management, ideally across multiple disciplines (e.g., Sales, Client Management, Product, Operations, Risk, Legal, Finance)., Advanced level knowledge of risk management and controls, regional and local nuances, and governance requirements., Strong business understanding of Saudi Arabia and the broader CEEMEA region., Extensive experience in the payments industry, including building and delivering payment or growth strategies for financial institutions, and a deep understanding of payments and treasury services products., Proven ability to identify opportunities for market growth in line with regulatory requirements., Demonstrated prior experience influencing across functions and teams while delivering value at scale., Ability to quickly build strong partnerships, credibility, and influence with technology, functional partners, and senior management., Strong leadership and experience in managing and motivating teams from diverse backgrounds and seniority., Commercially minded individual with creative problem solving, capable of developing innovative and differentiated solutions., Proven ability to operate effectively within a matrix organization and across various stakeholders.",Release your expertise and navigate regulatory landscapes to bring products to life in a global market. Shape your future and ours as you collaborate with teams and bridge products with market demands.
jpmorgan,"J.P. Morgan Wealth Management – Market Director of Wealth - Staten Island, NY","J.P. Morgan Wealth Management – Market Director of Wealth - Staten Island, NY","Consumer & Community Banking Posting Date 06/02/2026, 09","s 277 Park Ave, New York, NY, 10172, US Job Schedule Full time Base Pay/Salary Brooklyn,NY",on 01,On-Site,Full Time,https://jpmc.fa.oraclecloud.com/hcmUI/CandidateExperience/en/sites/CX_1001/job/210702452/?from=10&s=1,"At least 5 years of Advisor management experience required, coupled with a proven track record of developing and coaching high performing Advisor team, Ability to travel 50% of the time, A valid and active FINRA Series 7, 66 (or equivalent) is required, A valid and active FINRA Series 9/10 (or equivalent) is required and must be obtained or retained within a 60 day condition of employment, Proven ability to recruit, source and attract internal and external Advisor talent by building and maintaining personal network of contacts, High degree of investment services and product acumen and keen interest in the financial markets, Strong communication skills, attention to detail, excellent follow-through and a strong commitment to upholding a sound risk and controls environment","Chase is a leading financial services firm, helping nearly half of America’s households and small businesses achieve their financial goals through a broad range of financial products. Our mission is to create engaged, lifelong relationships and put our customers at the heart of everything we do. We also help small businesses, nonprofits and cities grow, delivering solutions to solve all their financial needs."
jpmorgan,"Lead Software Engineer - C++, Data Structures- Electronic Trading Tech","Lead Software Engineer - C++, Data Structures- Electronic Trading Tech","Commercial & Investment Bank Posting Date 06/02/2026, 02","s VENTURA TOWERS,2ND3RD,4TH,5TH",on 05,,Full Time,https://jpmc.fa.oraclecloud.com/hcmUI/CandidateExperience/en/sites/CX_1001/job/210704870/?from=10&s=1,"Formal training or certification on software engineering concepts and 5+ years applied experience, Advanced proficiency in C++11/14, STL, and data structures., Strong Unix/Linux expertise, with deep knowledge of multithreading and TCP/IP network programming., Solid understanding of Object-Oriented Programming, software architecture, and algorithms., Experience across all aspects of the Software Development Life Cycle.","We have an opportunity to work on innovative, mission-critical technology in a collaborative, global environment. Be part of a team that values creativity, initiative, and professional growth."
jpmorgan,Lead Software Engineer -Java/AWS,Lead Software Engineer -Java/AWS,"Consumer & Community Banking Posting Date 06/03/2026, 04","s 450 W 33rd St, New York, NY, 10001, US 880 Powder Mill Rd, Wilmington, DE, 19803, US Job Schedule Full time Base Pay/Salary New York,NY",on 05,On-Site,Full Time,https://jpmc.fa.oraclecloud.com/hcmUI/CandidateExperience/en/sites/CX_1001/job/210706560/?from=10&s=1,"Formal training or certification on software engineering concepts and 5+ years applied experience, Experience leading teams of technologists and ability to guide and coach teams on approach to achieve goals aligned against a set of strategic initiatives, Experience with hiring, developing, and recognizing talent., Hands-on practical experience delivering system design, application development, testing, and operational stability, Advanced knowledge of software applications and technical processes with considerable in-depth knowledge in one or more technical disciplines (e.g., cloud, artificial intelligence, machine learning, mobile, etc.), Ability to tackle design and functionality problems independently with little to no oversight, Proficiency in Java/J2EE and REST APIs, Web Services and experience in building event-driven Micro Services and Kafka streaming., Experience in Spring Framework, Spring Boot and AWS Services in public cloud infrastructure, Solid understanding of agile methodologies such as CI/CD, Applicant Resiliency, and Security, Working proficiency in developmental toolsets like GIT/Bitbucket, JIRA, Maven","Be an integral part of an agile team that's constantly pushing the envelope to enhance, build, and deliver top-notch technology products."
jpmorgan,Fund Services Accounting Trades,Fund Services Accounting Trades,"Commercial & Investment Bank Posting Date 06/02/2026, 06","s Nirlon Knowledge Park, Western Express Highway, Goregaon (East), Mumbai, IN-MH, 400063, IN Apply Before 06/30/2026, 12",on 04,,Full Time,https://jpmc.fa.oraclecloud.com/hcmUI/CandidateExperience/en/sites/CX_1001/job/210706713/?from=10&s=1,"Job responsibilities, Oversee the maintenance of accurate accounting and securities records for each fund administered, ensuring adherence to all prescribed controls for fund accounting processes., Investigate and resolve issues where accounting or securities transactions breach the validation tolerances of the JP Morgan system, applying advanced problem-solving skills., Implement operational procedures to complete tasks accurately and timely., Partner with various Operations Teams, Technology, Product, Sales, Program Management., Identify and address vulnerabilities in our fund servicing processes, leveraging your proficiency in continuous improvement to enhance efficiency and resilience., Required qualifications, capabilities, and skills, Demonstrated expertise in fund accounting and administration, with at least five years of experience focusing on maintaining accurate accounting and securities records, evidenced by successful management of related tasks and responsibilities., Demonstrated proficiency in identifying and resolving issues related to accounting or securities transactions, ensuring compliance with validation tolerances., Proven ability to implement operational procedures and controls, with a focus on enhancing cybersecurity and anti-fraud measures.","JPMorganChase, one of the oldest financial institutions, offers innovative financial solutions to millions of consumers, small businesses and many of the world’s most prominent corporate, institutional and government clients under the J.P. Morgan and Chase brands. Our history spans over 200 years and today we are a leader in investment banking, consumer and small business banking, commercial banking, financial transaction processing and asset management. We recognize that our people are our strength and the diverse talents they bring to our global workforce are directly linked to our success. We are an equal opportunity employer and place a high value on diversity and inclusion at our company. We do not discriminate on the basis of any protected attribute, including race, religion, color, national origin, gender, sexual orientation, gender identity, gender expression, age, marital or veteran status, pregnancy or disability, or any other basis protected under applicable law. We also make reasonable accommodations for applicants’ and employees’ religious practices and beliefs, as well as mental health or physical disability needs. Visit our FAQs for more information about requesting an accommodation."
jpmorgan,"J.P. Morgan Wealth Management - Vice President, Wealth Management Solutions","J.P. Morgan Wealth Management - Vice President, Wealth Management Solutions","Asset & Wealth Management Posting Date 06/02/2026, 09","s 277 Park Ave, New York, NY, 10172, US Job Schedule Full time Base Pay/Salary New York,NY",on 04,On-Site,Full Time,https://jpmc.fa.oraclecloud.com/hcmUI/CandidateExperience/en/sites/CX_1001/job/210706795/?from=10&s=1,"7+ years of experience in derivatives, options, structured products, or capital markets–related roles., Strong technical background in options pricing, payoff analysis, risk management, and portfolio construction., Experience working directly with advisors, portfolio managers, or client-facing teams in a consultative capacity., Demonstrated ability to bridge technical expertise with commercial outcomes., Bachelor’s degree required","The J.P. Morgan Wealth Management (USWM) business is focused on helping investors achieve their long-term financial goals and is comprised of the Chase wealth management business, J.P. Morgan Advisors, Personal Advisors and Self-Directed - our digital investing platform. The combined business has ~$600 billion in Assets Under Management and ~5,000 advisors located across 3,500 branches and 20 offices."
jpmorgan,Firmwide Economic Scenarios - Analyst,Firmwide Economic Scenarios - Analyst,"Corporate Sector Posting Date 06/03/2026, 01","s 270 Park Ave, New York, NY, 10017, US Job Schedule Full time Job Shift Day Base Pay/Salary New York,NY",,On-Site,Full Time,https://jpmc.fa.oraclecloud.com/hcmUI/CandidateExperience/en/sites/CX_1001/job/210707004/?from=10&s=1,"Job Responsibilities, Support the execution of macroeconomic forecasts that make up the scenarios, working closely with key forecasting partners and consumers of the scenarios., Monitor and prepare commentary on economic releases and events, monitor evolving risks, stay abreast of trends in economics and financial markets, and anticipate implications for macroeconomic forecasting and scenario design., Manage multiple project workstreams as well as inbound questions, deliverables, and ad-hoc requests, with an emphasis on accuracy and timeliness of meeting deliverables on prescribed timelines., Develop executive-level presentations for senior management and internal stakeholders., Interact with and guide quantitative model development teams for the development and enhancement of macroeconomic forecasting methodologies., Lead ad-hoc analysis and conduct economic research as needed., Required Qualifications, Skills, and Capabilities, Strong quantitative skills: Master’s or Bachelor's degree in Economics, Econometrics, Quantitative Finance, or related field., At least 1 years of relevant work experience in research/forecasting/business analytics for a leading financial institution/central bank/consulting firm or similar, with a strong background/interest in economics.","Join a dynamic team within the Office of the Chief Financial Officer, where you'll oversee the development and distribution of macroeconomic scenarios used in the Firm's forecasting processes. Collaborate with Economics and Strategy Research teams, Chief Risk Officer, Chief Financial Officer, Financial Planning teams, and other corporate areas. Cover key U.S. and global macroeconomic indicators, rates, equities, FX and credit markets, real estate markets, and more. A broad knowledge base across economics and finance is essential. Develop scenarios across a range of potential economic backdrops distributed Firmwide."
jpmorgan,Part Time Associate Banker Newport Beach (30 hours),Part Time Associate Banker Newport Beach (30 hours),"Consumer & Community Banking Posting Date 06/02/2026, 09","s 1000 Irvine Ave, Newport Beach, CA, 92660, US Job Schedule Part time Job Shift Variable Base Pay/Salary Newport Beach,CA",on 05,On-Site,Part Time,https://jpmc.fa.oraclecloud.com/hcmUI/CandidateExperience/en/sites/CX_1001/job/210708024/?from=10&s=1,"Ability to put clients first and exceed their expectations – delivering attentive and friendly service, creating a welcoming environment., Ability to build trusted relationships – demonstrating genuine care and concern during interactions with clients., Ability to engage clients – communicating clearly and politely to understand and help, anticipating client needs., Ability to quickly and effectively resolve client issues with attention to detail – providing a consistent client experience., Ability to elevate the client experience – working collaboratively as a team to deliver seamless service with care and sincerity., Ability to quickly and accurately learn products, services, and procedures., Client service experience or comparable experience., High school diploma or GED equivalent.","This position is subject to Section 19 of the Federal Deposit Insurance Act. As such, an employment offer for this position is contingent on JPMorganChase’s review of criminal conviction history, including pretrial diversions or program entries."
jpmorgan,Part Time Associate Banker Austin North (30 Hours),Part Time Associate Banker Austin North (30 Hours),"Consumer & Community Banking Posting Date 06/03/2026, 07","s 1111 N Interstate 35, Round Rock, TX, 78664, US Job Schedule Part time Job Shift Variable JOB DESCRIPTION At Chase, we are passionate about creating memorable experiences for our clients and employees, making them feel welcomed, valued, and understood",on 05,On-Site,Part Time,https://jpmc.fa.oraclecloud.com/hcmUI/CandidateExperience/en/sites/CX_1001/job/210708041/?from=10&s=1,"Ability to put clients first and exceed their expectations – delivering attentive and friendly service, creating a welcoming environment., Ability to build trusted relationships – demonstrating genuine care and concern during interactions with clients., Ability to engage clients – communicating clearly and politely to understand and help, anticipating client needs., Ability to quickly and effectively resolve client issues with attention to detail – providing a consistent client experience., Ability to elevate the client experience – working collaboratively as a team to deliver seamless service with care and sincerity., Ability to quickly and accurately learn products, services, and procedures., Client service experience or comparable experience., High school diploma or GED equivalent.","Chase is a leading financial services firm, helping nearly half of America’s households and small businesses achieve their financial goals through a broad range of financial products. Our mission is to create engaged, lifelong relationships and put our customers at the heart of everything we do. We also help small businesses, nonprofits and cities grow, delivering solutions to solve all their financial needs."
jpmorgan,Part Time Associate Banker Eastside South(30 Hours),Part Time Associate Banker Eastside South(30 Hours),"Consumer & Community Banking Posting Date 06/03/2026, 03","s 150 Logan Ave S, Renton, WA, 98057, US Job Schedule Part time Job Shift Variable Base Pay/Salary Renton,WA",on 05,On-Site,Part Time,https://jpmc.fa.oraclecloud.com/hcmUI/CandidateExperience/en/sites/CX_1001/job/210708308/?from=10&s=1,"Ability to put clients first and exceed their expectations – delivering attentive and friendly service, creating a welcoming environment., Ability to build trusted relationships – demonstrating genuine care and concern during interactions with clients., Ability to engage clients – communicating clearly and politely to understand and help, anticipating client needs., Ability to quickly and effectively resolve client issues with attention to detail – providing a consistent client experience., Ability to elevate the client experience – working collaboratively as a team to deliver seamless service with care and sincerity., Ability to quickly and accurately learn products, services, and procedures., Client service experience or comparable experience., High school diploma or GED equivalent.","Chase is a leading financial services firm, helping nearly half of America’s households and small businesses achieve their financial goals through a broad range of financial products. Our mission is to create engaged, lifelong relationships and put our customers at the heart of everything we do. We also help small businesses, nonprofits and cities grow, delivering solutions to solve all their financial needs."
jpmorgan,Part Time Associate Banker WA South (30 hours),Part Time Associate Banker WA South (30 hours),"Consumer & Community Banking Posting Date 06/03/2026, 05","s 200 NE 78th St, Vancouver, WA, 98665, US Job Schedule Part time Job Shift Variable Base Pay/Salary Vancouver,WA",on 05,On-Site,Part Time,https://jpmc.fa.oraclecloud.com/hcmUI/CandidateExperience/en/sites/CX_1001/job/210708429/?from=10&s=1,"Ability to put clients first and exceed their expectations – delivering attentive and friendly service, creating a welcoming environment., Ability to build trusted relationships – demonstrating genuine care and concern during interactions with clients., Ability to engage clients – communicating clearly and politely to understand and help, anticipating client needs., Ability to quickly and effectively resolve client issues with attention to detail – providing a consistent client experience., Ability to elevate the client experience – working collaboratively as a team to deliver seamless service with care and sincerity., Ability to quickly and accurately learn products, services, and procedures., Client service experience or comparable experience., High school diploma or GED equivalent.","Chase is a leading financial services firm, helping nearly half of America’s households and small businesses achieve their financial goals through a broad range of financial products. Our mission is to create engaged, lifelong relationships and put our customers at the heart of everything we do. We also help small businesses, nonprofits and cities grow, delivering solutions to solve all their financial needs."
jpmorgan,Part Time Associate Banker Willamette Valley (30 hours),Part Time Associate Banker Willamette Valley (30 hours),"Consumer & Community Banking Posting Date 06/03/2026, 05","s 110 Hawthorne Ave SE, Salem, OR, 97301, US Job Schedule Part time Job Shift Variable JOB DESCRIPTION At Chase, we are passionate about creating memorable experiences for our clients and employees, making them feel welcomed, valued, and understood",on 06,On-Site,Part Time,https://jpmc.fa.oraclecloud.com/hcmUI/CandidateExperience/en/sites/CX_1001/job/210708447/?from=10&s=1,"Ability to put clients first and exceed their expectations – delivering attentive and friendly service, creating a welcoming environment., Ability to build trusted relationships – demonstrating genuine care and concern during interactions with clients., Ability to engage clients – communicating clearly and politely to understand and help, anticipating client needs., Ability to quickly and effectively resolve client issues with attention to detail – providing a consistent client experience., Ability to elevate the client experience – working collaboratively as a team to deliver seamless service with care and sincerity., Ability to quickly and accurately learn products, services, and procedures., Client service experience or comparable experience., High school diploma or GED equivalent.","Chase is a leading financial services firm, helping nearly half of America’s households and small businesses achieve their financial goals through a broad range of financial products. Our mission is to create engaged, lifelong relationships and put our customers at the heart of everything we do. We also help small businesses, nonprofits and cities grow, delivering solutions to solve all their financial needs."
jpmorgan,Part Time Associate Banker Willamette Valley Eugene (30 hours),Part Time Associate Banker Willamette Valley Eugene (30 hours),"Consumer & Community Banking Posting Date 06/03/2026, 05","s 3545 Gateway St, Springfield, OR, 97477, US Job Schedule Part time Job Shift Variable JOB DESCRIPTION At Chase, we are passionate about creating memorable experiences for our clients and employees, making them feel welcomed, valued, and understood",on 06,On-Site,Part Time,https://jpmc.fa.oraclecloud.com/hcmUI/CandidateExperience/en/sites/CX_1001/job/210708451/?from=10&s=1,"Ability to put clients first and exceed their expectations – delivering attentive and friendly service, creating a welcoming environment., Ability to build trusted relationships – demonstrating genuine care and concern during interactions with clients., Ability to engage clients – communicating clearly and politely to understand and help, anticipating client needs., Ability to quickly and effectively resolve client issues with attention to detail – providing a consistent client experience., Ability to elevate the client experience – working collaboratively as a team to deliver seamless service with care and sincerity., Ability to quickly and accurately learn products, services, and procedures., Client service experience or comparable experience., High school diploma or GED equivalent.","Chase is a leading financial services firm, helping nearly half of America’s households and small businesses achieve their financial goals through a broad range of financial products. Our mission is to create engaged, lifelong relationships and put our customers at the heart of everything we do. We also help small businesses, nonprofits and cities grow, delivering solutions to solve all their financial needs."
jpmorgan,Compliance - Quant Modeling Senior Associate (Fair Lending) - Associate,Compliance - Quant Modeling Senior Associate (Fair Lending) - Associate,"Corporate Sector Posting Date 06/03/2026, 05","s 201 N Walnut St, Wilmington, DE, 19801, US 545 Washington Blvd, Jersey City, NJ, 07310, US 10420 Highland Manor Dr, Tampa, FL, 33610, US 8181 Communications Pkwy Ste C, Plano, TX, 75024, US Job Schedule Full time Job Shift Day Base Pay/Salary Jersey City,NJ",on 04,On-Site,Full Time,https://jpmc.fa.oraclecloud.com/hcmUI/CandidateExperience/en/sites/CX_1001/job/210708582/?from=10&s=1,"JPMorgan Chase and Co. (JPMorgan Chase) is committed to providing fair, equitable, and nondiscriminatory access to credit for both individuals and communities. This commitment is part of our fundamental mission of providing quality financial services to existing and prospective customers in accordance with all applicable laws and serving unique customers. As part of this mission the Office of Fair Lending (OFL) executes a robust program that oversees the firm’s compliance with fair lending laws., Job Responsibilities, Conduct statistical analyses and bias testing to review business models, including traditional models, machine learning / artificial intelligence models (ML/AI) as well as Gen AI based models for fair lending compliance This role offers a unique opportunity to gain exposure to a wide variety of models across different lines of business, enhancing your expertise and broadening your understanding of diverse modeling approaches., Engage with extensive model documentation to thoroughly understand the models you review from a fair lending perspective, allowing you to develop a comprehensive understanding of complex models and their applications., Build data-driven algorithms to mitigate potential disparate impact of models by working alongside model developers, business strategy owners & Legal to develop less discriminatory alternative models, Prepare presentations & reports to explain statistical results in both non-technical and technical formats to various stakeholders such as senior management, Legal, Model developers, Model Governance etc., Perform research & development to keep the fair lending compliance program aligned with industry and regulatory standards, Create model documentation; work with Control, Audit and Model Governance teams to ensure adequacy of processes, statistical models and model reviews, Support the team in maintaining relevant policies & procedures and representing fair lending in regulatory exams, audits and other areas related to internal governance, Perform other related duties as assigned","Bring your expertise to JPMorgan Chase. As part of Risk Management and Compliance, you are at the center of keeping JPMorgan Chase strong and resilient. You help the firm grow its business in a responsible way by anticipating new and emerging risks and using your expert judgement to solve real-world challenges that impact our company, customers and communities. Our culture in Risk Management and Compliance is all about thinking outside the box, challenging the status quo and striving to be best-in-class."
jpmorgan,"Part Time Associate Banker Financial District, Bay Area (30 Hours)","Part Time Associate Banker Financial District, Bay Area (30 Hours)","(30 Hours) San Francisco, CA, United States APPLY NOW JOB INFORMATION Job Identification 210709286 Job Category Associate Bankers Business Unit Consumer & Community Banking Posting Date 06/03/2026, 05","s 700 Market St, San Francisco, CA, 94102, US Job Schedule Part time Job Shift Variable Base Pay/Salary San Francisco,CA",on 05,On-Site,Part Time,https://jpmc.fa.oraclecloud.com/hcmUI/CandidateExperience/en/sites/CX_1001/job/210709286/?from=10&s=1,"Ability to put clients first and exceed their expectations – delivering attentive and friendly service, creating a welcoming environment., Ability to build trusted relationships – demonstrating genuine care and concern during interactions with clients., Ability to engage clients – communicating clearly and politely to understand and help, anticipating client needs., Ability to quickly and effectively resolve client issues with attention to detail – providing a consistent client experience., Ability to elevate the client experience – working collaboratively as a team to deliver seamless service with care and sincerity., Ability to quickly and accurately learn products, services, and procedures., Client service experience or comparable experience., High school diploma or GED equivalent.","This position is subject to Section 19 of the Federal Deposit Insurance Act. As such, an employment offer for this position is contingent on JPMorganChase’s review of criminal conviction history, including pretrial diversions or program entries."
jpmorgan,Media Relations Associate - Commercial & Investment Bank,Media Relations Associate - Commercial & Investment Bank,"Commercial & Investment Bank Posting Date 06/03/2026, 01","s 25 Bank Street, Canary Wharf, London, Greater London, E14 5JP, GB Job Schedule Full time JOB DESCRIPTION J",on 12,,Full Time,https://jpmc.fa.oraclecloud.com/hcmUI/CandidateExperience/en/sites/CX_1001/job/210710195/?from=10&s=1,"Strong written and verbal skills with the confidence to communicate with senior stakeholders, A good nose for news in the financial services, banking and capital markets spaces, An obsessive attention to detail, a deep respect for journalism, an appetite for reading around the subject, and a curiosity to learn more about the markets and the role of banks, Excellent organizational skills with the ability to multitask and prioritise high volume, high priority initiatives in a deadline-driven environment, Strong interpersonal, networking and presentation skills, creativity, and ability to make sound media judgement calls, Enthusiastic with a ‘can do’ approach for all aspects of their work, Ability to work independently to execute on projects while taking direction from multiple managers in a fast-paced environment, Commitment to maintaining the firm’s high standards related to risk, compliance and its Code of Conduct, Agency or in-house media relations experience preferred, ideally supporting banking or financial services companies, BA in Communications, Public Relations or Journalism preferred, but this is not essential","J.P. Morgan's Commercial & Investment Bank (CIB) is a global leader across Banking, Research, Markets, Payments and Securities Services. The Communications team within CIB is responsible for Media Relations, Internal Communications and Social Media."
jpmorgan,Business Analyst - Home Lending - Operational Initiative and Employee Support,Business Analyst - Home Lending - Operational Initiative and Employee Support,"Consumer & Community Banking Posting Date 06/02/2026, 09","s 9th Avenue corner 38th Street, Uptown Bonifacio, Taguig City, National Cap Region, 1635, PH Job Schedule Full time Job Shift Night JOB DESCRIPTION Join our team to directly enhance the home lending journey for customers",on 04,,Full Time,https://jpmc.fa.oraclecloud.com/hcmUI/CandidateExperience/en/sites/CX_1001/job/210711729/?from=10&s=1,"Bachelor’s degree or equivalent experience., Home Lending experience., 3 years of experience in business analysis, project management, or related fields in customer-centric functions., 1 year of experience leading initiatives or projects end to end., Knowledge of financial services, regulatory expectations, and risk management practices, Ability to manage multiple initiatives at different lifecycle stages in an Agile environment, Strong communication, organization, and consultative skills with the ability to prioritize effectively, Ability to work independently and deliver on daily tasks and assigned initiatives, Functional or technical depth enabling independent judgment on key department activities, Proficiency with data analysis and visualization tools such as SQL, Tableau, Power BI, or Alteryx","Join our team to directly enhance the home lending journey for customers. Lead impactful initiatives that streamline operations and reduce costs. Collaborate across functions to bring strategies to life. If you thrive on data and change leadership, this role offers a chance to make a swift, visible impact. Grow with us while delivering meaningful outcomes for both customers and the business."
jpmorgan,"Agentic Commerce, Vice President","Agentic Commerce, Vice President","Consumer & Community Banking Posting Date 06/03/2026, 08","s 450 W 33rd St, New York, NY, 10001, US Apply Before 06/26/2026, 12",on 03,On-Site,Full Time,https://jpmc.fa.oraclecloud.com/hcmUI/CandidateExperience/en/sites/CX_1001/job/210742747/?from=10&s=1,"7+ years of experience in financial services, digital, product management and/or Agile software development., Experience in online payments including card, digital wallets, and e-commerce payments., Passion for understanding customer needs and demonstrated ability to build digital products., Ability to think strategically and to connect the dots to the bigger picture, while still comfortable diving into the details required to ensure successful execution., Proven success in collaborating, influencing and driving decisions with multiple stakeholders, including team members across product, technology and design., Proven track record of managing risk and controls., Bachelor's degree in Computer Science, Business Management or comparable field of study.","The Payments organization is a motivated, forward-thinking team comprised of high talent product managers with a singular focus of delivering innovative payment services via the most important platforms of today and tomorrow. We seek to transform customer experiences, simplify the ways we do business, and tirelessly drive toward product excellence. We value controls, simplicity, and consistency in the capabilities and features we deliver."
jpmorgan,Senior Cash Operations - Associate,Senior Cash Operations - Associate,"Commercial & Investment Bank Posting Date 06/03/2026, 08",s One,on 05,,Full Time,https://jpmc.fa.oraclecloud.com/hcmUI/CandidateExperience/en/sites/CX_1001/job/210752302/?from=10&s=1,"Bachelor’s degree, Minimum 5 years of relevant experience in payments and/or cash operations within financial services., Strong knowledge of payment processing and operating models, including SWIFT and local payment channels such as MEPS, GIRO, and FAST, with awareness of regulatory requirements and industry practices., Demonstrated ability to drive operational excellence through process improvement, documentation discipline, and effective controls., Strong analytical and problem-solving skills, including ability to perform root-cause analysis and translate findings into practical actions., Experience partnering with Risk, Audit, and Compliance, including managing audit/regulatory reviews and supporting remediation., Strong stakeholder management and communication skills, able to work effectively across levels and functions, and to escalate issues appropriately., Solid PC skills with capability in project coordination and tracking delivery against timelines and client commitments.","Join our Payments Operations team and help keep our cash and payments services running safely, accurately, and on time. In this role, you will support day-to-day cash operations while improving processes, strengthening controls, and partnering with stakeholders across the business. You will contribute to change and automation initiatives, support regulatory and industry requirements, and help deliver a strong client experience. Job responsibilities"
jpmorgan,"2026 Corporate Analyst Development Program (CADP) ""Day in Bank"" Event - Sydney","2026 Corporate Analyst Development Program (CADP) ""Day in Bank"" Event - Sydney","Corporate Sector Posting Date 06/03/2026, 08","s 85 Castlereagh St, Sydney, AU-NSW, 2000, AU Apply Before 06/18/2026, 10",on 05,,Full Time,https://jpmc.fa.oraclecloud.com/hcmUI/CandidateExperience/en/sites/CX_1001/job/210754205/?from=10&s=1,,"As a participant in the 2026 Corporate Analyst Development Program (CADP) Day in Bank event in Sydney, you will meet our employees in-person and gain insights to the Corporate Analyst Development Program and our Operations team. Discover how our Operations team collaborates across departments, tackles challenging projects, and serves as the backbone of our financial institution. This event is a unique opportunity to understand the critical role Operations plays in our success."
jpmorgan,"J.P. Morgan Wealth Management – Private Client Advisor - Seal Beach, Huntington Beach and Los Alamitos, CA","J.P. Morgan Wealth Management – Private Client Advisor - Seal Beach, Huntington Beach and Los Alamitos, CA","Consumer & Community Banking Posting Date 06/03/2026, 01","s Seal Beach, CA, United States Huntington Beach, CA, United States Los Alamitos, CA, United States Job Schedule Full time Base Pay/Salary Seal Beach,CA",on 06,On-Site,Full Time,https://jpmc.fa.oraclecloud.com/hcmUI/CandidateExperience/en/sites/CX_1001/job/210630279/?from=20&s=1,"Demonstrate a deep understanding of financial markets and sound business judgement, Exhibit unwavering integrity that points toward doing right by clients at every opportunity, Demonstrate a passion for educating clients on the technology and channels available to them to better monitor, maintain, and handle their investments, Provide a holistic view of clients’ needs and financial coaching beyond investments, Embrace digital innovations to help clients become more digitally confident and bank when, where, and how they want, Required qualifications, capabilities, and skills, At least 2 years in a Financial Advisor role or equivalent financial services experience, Demonstrated success in client acquisition, cultivating and maintaining client relationships, and integrating with key partners, Demonstrated ability and commitment to goals-based planning and advice, A valid and active Series 7","This position is subject to Section 19 of the Federal Deposit Insurance Act. As such, an employment offer for this position is contingent on JPMorganChase’s review of criminal conviction history, including pretrial diversions or program entries."
jpmorgan,Payments Sales Manager - Broker Dealers & Market Structure - Executive Director,Payments Sales Manager - Broker Dealers & Market Structure - Executive Director,"Commercial & Investment Bank Posting Date 06/03/2026, 04","s 390 Madison Ave, New York, NY, 10017, US 10 S Dearborn St, Chicago, IL, 60603, US 875 15th St NW, Washington, DC, 20005, US Job Schedule Full time Base Pay/Salary New York,NY",on 05,On-Site,Full Time,https://jpmc.fa.oraclecloud.com/hcmUI/CandidateExperience/en/sites/CX_1001/job/210640571/?from=20&s=1,"10+ years experience selling cash and liquidity management products with in-depth knowledge of such products., Proactive with strong initiative and good team player with ability to take ownership and achieve sales goals., Strong knowledge in cash, foreign exchange, liquidity and information management products., Familiarity with innovative cutting edge treasury/payments products, in addition to an understanding of the credit/risk process and the compliance nuances of digital assets., Demonstrated ability to work across internal teams and external clients globally., Demonstrated ability to identify supplemental sales opportunities, position and close new business, and assist in the design, sale and delivery of value-added services., Competence in assessing new opportunities/prospecting, contacting key decision makers., Strong account planning and demonstrated execution., Comprehension of customer's industries (broker dealers, market makers, exchanges/clearinghouse), business needs and potential solutions., Excellent verbal communication and negotiation skills.",Join the NA Broker Dealers and Market Structure Payments Sales team!
jpmorgan,Quantitative Trading & Research – Markets Treasury – Associate,Quantitative Trading & Research – Markets Treasury – Associate,"Commercial & Investment Bank Posting Date 06/03/2026, 12","s 270 Park Ave, New York, NY, 10017, US Job Schedule Full time Base Pay/Salary New York,NY",on 04,On-Site,Full Time,https://jpmc.fa.oraclecloud.com/hcmUI/CandidateExperience/en/sites/CX_1001/job/210679055/?from=20&s=1,"Experience within a quantitative role in finance, Hold an advanced degree (Master’s) or equivalent in a quantitative discipline such as Mathematics, Computer Science, Physics, or Engineering, Demonstrate expert-level programming skills, particularly in Python, with experience leading development of large-scale, production-grade systems and mentoring others in best coding practices., Exhibit exceptional quantitative and analytical problem-solving abilities, Markets experience and a comprehensive understanding of trading concepts, strategies, and terminology, Possess outstanding communication skills, adept at engaging and influencing senior stakeholders on complex technical topics and translating technical concepts into actionable business insights., Demonstrate ability to master new business domains and adapting to evolving business priorities, proactively identifying areas for strategic growth and improvement., Apply strategic and creative thinking to both challenges and opportunities, driving continuous innovation and fostering a culture of forward-thinking problem solving., Champion robust system and solution architecture, ensuring rigorous testing, verification, and adherence to best practices in design and implementation across teams.","Quantitative Research (QR) is an expert quantitative modelling group in J.P. Morgan, as well as a leader in financial engineering, data analytics, statistical modelling and portfolio management. As a global team, QR partners with traders, marketers and risk managers across all products and regions."
jpmorgan,U.S. Private Bank – Private Banker – Executive Director,U.S. Private Bank – Private Banker – Executive Director,"Asset & Wealth Management Posting Date 06/03/2026, 02","s 650 S Exeter St, Baltimore, MD, 21202, US Job Schedule Full time Job Shift Day Base Pay/Salary Baltimore,MD",on 11,On-Site,Full Time,https://jpmc.fa.oraclecloud.com/hcmUI/CandidateExperience/en/sites/CX_1001/job/210685188/?from=20&s=1,"Fifteen plus years of work experience in Private Banking or Financial Services, Bachelor’s Degree required, Series 7, 66 and Insurance licenses required for position; unlicensed candidates considered, but required to obtain licenses within 90 days of start date, Proven sales success and strong business acumen, Strong community presence with an established network, Experience or demonstrated understanding of investments, wealth planning, credit and banking concepts, Focuses on the client experience and works tirelessly on the client’s behalf","We are actively looking for exceptionally talented individuals who are collaborative, confident and motivated to provide a first-class experience to clients within J.P. Morgan’s U.S. Private Bank. If you have an entrepreneurial mindset and are looking to constantly challenge yourself, J.P. Morgan is the place for you. You will be working alongside a team of talented colleagues from other markets, businesses and functions to provide you with the opportunity to take your career to the next level. As a Private Banker in the U.S. Private Bank, you are responsible for advising families on building, preserving and managing their wealth. You will use your knowledge of investments, financial planning, credit and banking to both advise current clients on all aspects of their balance sheet and generate new client acquisition. You will be part of a local team and supported by an institutional platform that has the resources, specialists and intellectual capital to help you advise clients on achieving their desired goals."
jpmorgan,Global Investment Banking - Mergers & Acquisitions- Analyst/ Associate,Global Investment Banking - Mergers & Acquisitions- Analyst/ Associate,"Commercial & Investment Bank Posting Date 06/02/2026, 04","s 35, Seosomun-ro 11-gil, Jung-gu, Seoul, 04516, KR Apply Before 07/11/2026, 12",on 05,,Full Time,https://jpmc.fa.oraclecloud.com/hcmUI/CandidateExperience/en/sites/CX_1001/job/210697202/?from=20&s=1,"Building your professional network with mentors, senior executives and others, Required Qualifications, capabilities and skills, Bachelor’s degree in Finance, Economics, Accounting or other related disciplines, Minimum 1 year experience working in the front office of a top tier Investment Bank, Excellent analytical, quantitative and communication skills, Good understanding of the M&A and capital markets transaction cycle and processes involved, Excellent leadership and collaborative skills, Knowing your way around Excel, PowerPoint and Word, Fluency in Korean language skills since this role will be supporting & interacting with Korean clients","Starting your career in Investment Banking Division as an Analyst/Associate in the Mergers & Acquisition team, you will be a key player in the execution of the firm's business. Senior bankers will get to know you - both as a person and as a valued member of a winning team."
jpmorgan,Market and Product Expansion Director – Treasury Services & Payments – Executive Director – Riyadh,Market and Product Expansion Director – Treasury Services & Payments – Executive Director – Riyadh,"Commercial & Investment Bank Posting Date 06/03/2026, 02",s Al Faisaliah Tower Floor 8 and 25,,,Full Time,https://jpmc.fa.oraclecloud.com/hcmUI/CandidateExperience/en/sites/CX_1001/job/210701246/?from=20&s=1,"Proven experience or equivalent expertise in Product, Technology, or Project Management, ideally across multiple disciplines (e.g., Sales, Client Management, Product, Operations, Risk, Legal, Finance)., Advanced level knowledge of risk management and controls, regional and local nuances, and governance requirements., Strong business understanding of Saudi Arabia and the broader CEEMEA region., Extensive experience in the payments industry, including building and delivering payment or growth strategies for financial institutions, and a deep understanding of payments and treasury services products., Proven ability to identify opportunities for market growth in line with regulatory requirements., Demonstrated prior experience influencing across functions and teams while delivering value at scale., Ability to quickly build strong partnerships, credibility, and influence with technology, functional partners, and senior management., Strong leadership and experience in managing and motivating teams from diverse backgrounds and seniority., Commercially minded individual with creative problem solving, capable of developing innovative and differentiated solutions., Proven ability to operate effectively within a matrix organization and across various stakeholders.",Release your expertise and navigate regulatory landscapes to bring products to life in a global market. Shape your future and ours as you collaborate with teams and bridge products with market demands.
jpmorgan,"J.P. Morgan Wealth Management – Market Director of Wealth - Staten Island, NY","J.P. Morgan Wealth Management – Market Director of Wealth - Staten Island, NY","Consumer & Community Banking Posting Date 06/02/2026, 09","s 277 Park Ave, New York, NY, 10172, US Job Schedule Full time Base Pay/Salary Brooklyn,NY",on 01,On-Site,Full Time,https://jpmc.fa.oraclecloud.com/hcmUI/CandidateExperience/en/sites/CX_1001/job/210702452/?from=20&s=1,"At least 5 years of Advisor management experience required, coupled with a proven track record of developing and coaching high performing Advisor team, Ability to travel 50% of the time, A valid and active FINRA Series 7, 66 (or equivalent) is required, A valid and active FINRA Series 9/10 (or equivalent) is required and must be obtained or retained within a 60 day condition of employment, Proven ability to recruit, source and attract internal and external Advisor talent by building and maintaining personal network of contacts, High degree of investment services and product acumen and keen interest in the financial markets, Strong communication skills, attention to detail, excellent follow-through and a strong commitment to upholding a sound risk and controls environment","Chase is a leading financial services firm, helping nearly half of America’s households and small businesses achieve their financial goals through a broad range of financial products. Our mission is to create engaged, lifelong relationships and put our customers at the heart of everything we do. We also help small businesses, nonprofits and cities grow, delivering solutions to solve all their financial needs."
jpmorgan,"Lead Software Engineer - C++, Data Structures- Electronic Trading Tech","Lead Software Engineer - C++, Data Structures- Electronic Trading Tech","Commercial & Investment Bank Posting Date 06/02/2026, 02","s VENTURA TOWERS,2ND3RD,4TH,5TH",on 05,,Full Time,https://jpmc.fa.oraclecloud.com/hcmUI/CandidateExperience/en/sites/CX_1001/job/210704870/?from=20&s=1,"Formal training or certification on software engineering concepts and 5+ years applied experience, Advanced proficiency in C++11/14, STL, and data structures., Strong Unix/Linux expertise, with deep knowledge of multithreading and TCP/IP network programming., Solid understanding of Object-Oriented Programming, software architecture, and algorithms., Experience across all aspects of the Software Development Life Cycle.","We have an opportunity to work on innovative, mission-critical technology in a collaborative, global environment. Be part of a team that values creativity, initiative, and professional growth."
jpmorgan,Lead Software Engineer -Java/AWS,Lead Software Engineer -Java/AWS,"Consumer & Community Banking Posting Date 06/03/2026, 04","s 450 W 33rd St, New York, NY, 10001, US 880 Powder Mill Rd, Wilmington, DE, 19803, US Job Schedule Full time Base Pay/Salary New York,NY",on 05,On-Site,Full Time,https://jpmc.fa.oraclecloud.com/hcmUI/CandidateExperience/en/sites/CX_1001/job/210706560/?from=20&s=1,"Formal training or certification on software engineering concepts and 5+ years applied experience, Experience leading teams of technologists and ability to guide and coach teams on approach to achieve goals aligned against a set of strategic initiatives, Experience with hiring, developing, and recognizing talent., Hands-on practical experience delivering system design, application development, testing, and operational stability, Advanced knowledge of software applications and technical processes with considerable in-depth knowledge in one or more technical disciplines (e.g., cloud, artificial intelligence, machine learning, mobile, etc.), Ability to tackle design and functionality problems independently with little to no oversight, Proficiency in Java/J2EE and REST APIs, Web Services and experience in building event-driven Micro Services and Kafka streaming., Experience in Spring Framework, Spring Boot and AWS Services in public cloud infrastructure, Solid understanding of agile methodologies such as CI/CD, Applicant Resiliency, and Security, Working proficiency in developmental toolsets like GIT/Bitbucket, JIRA, Maven","Be an integral part of an agile team that's constantly pushing the envelope to enhance, build, and deliver top-notch technology products."
jpmorgan,Fund Services Accounting Trades,Fund Services Accounting Trades,"Commercial & Investment Bank Posting Date 06/02/2026, 06","s Nirlon Knowledge Park, Western Express Highway, Goregaon (East), Mumbai, IN-MH, 400063, IN Apply Before 06/30/2026, 12",on 04,,Full Time,https://jpmc.fa.oraclecloud.com/hcmUI/CandidateExperience/en/sites/CX_1001/job/210706713/?from=20&s=1,"Job responsibilities, Oversee the maintenance of accurate accounting and securities records for each fund administered, ensuring adherence to all prescribed controls for fund accounting processes., Investigate and resolve issues where accounting or securities transactions breach the validation tolerances of the JP Morgan system, applying advanced problem-solving skills., Implement operational procedures to complete tasks accurately and timely., Partner with various Operations Teams, Technology, Product, Sales, Program Management., Identify and address vulnerabilities in our fund servicing processes, leveraging your proficiency in continuous improvement to enhance efficiency and resilience., Required qualifications, capabilities, and skills, Demonstrated expertise in fund accounting and administration, with at least five years of experience focusing on maintaining accurate accounting and securities records, evidenced by successful management of related tasks and responsibilities., Demonstrated proficiency in identifying and resolving issues related to accounting or securities transactions, ensuring compliance with validation tolerances., Proven ability to implement operational procedures and controls, with a focus on enhancing cybersecurity and anti-fraud measures.","JPMorganChase, one of the oldest financial institutions, offers innovative financial solutions to millions of consumers, small businesses and many of the world’s most prominent corporate, institutional and government clients under the J.P. Morgan and Chase brands. Our history spans over 200 years and today we are a leader in investment banking, consumer and small business banking, commercial banking, financial transaction processing and asset management. We recognize that our people are our strength and the diverse talents they bring to our global workforce are directly linked to our success. We are an equal opportunity employer and place a high value on diversity and inclusion at our company. We do not discriminate on the basis of any protected attribute, including race, religion, color, national origin, gender, sexual orientation, gender identity, gender expression, age, marital or veteran status, pregnancy or disability, or any other basis protected under applicable law. We also make reasonable accommodations for applicants’ and employees’ religious practices and beliefs, as well as mental health or physical disability needs. Visit our FAQs for more information about requesting an accommodation."
jpmorgan,"J.P. Morgan Wealth Management - Vice President, Wealth Management Solutions","J.P. Morgan Wealth Management - Vice President, Wealth Management Solutions","Asset & Wealth Management Posting Date 06/02/2026, 09","s 277 Park Ave, New York, NY, 10172, US Job Schedule Full time Base Pay/Salary New York,NY",on 04,On-Site,Full Time,https://jpmc.fa.oraclecloud.com/hcmUI/CandidateExperience/en/sites/CX_1001/job/210706795/?from=20&s=1,"7+ years of experience in derivatives, options, structured products, or capital markets–related roles., Strong technical background in options pricing, payoff analysis, risk management, and portfolio construction., Experience working directly with advisors, portfolio managers, or client-facing teams in a consultative capacity., Demonstrated ability to bridge technical expertise with commercial outcomes., Bachelor’s degree required","The J.P. Morgan Wealth Management (USWM) business is focused on helping investors achieve their long-term financial goals and is comprised of the Chase wealth management business, J.P. Morgan Advisors, Personal Advisors and Self-Directed - our digital investing platform. The combined business has ~$600 billion in Assets Under Management and ~5,000 advisors located across 3,500 branches and 20 offices."
jpmorgan,Firmwide Economic Scenarios - Analyst,Firmwide Economic Scenarios - Analyst,"Corporate Sector Posting Date 06/03/2026, 01","s 270 Park Ave, New York, NY, 10017, US Job Schedule Full time Job Shift Day Base Pay/Salary New York,NY",,On-Site,Full Time,https://jpmc.fa.oraclecloud.com/hcmUI/CandidateExperience/en/sites/CX_1001/job/210707004/?from=20&s=1,"Job Responsibilities, Support the execution of macroeconomic forecasts that make up the scenarios, working closely with key forecasting partners and consumers of the scenarios., Monitor and prepare commentary on economic releases and events, monitor evolving risks, stay abreast of trends in economics and financial markets, and anticipate implications for macroeconomic forecasting and scenario design., Manage multiple project workstreams as well as inbound questions, deliverables, and ad-hoc requests, with an emphasis on accuracy and timeliness of meeting deliverables on prescribed timelines., Develop executive-level presentations for senior management and internal stakeholders., Interact with and guide quantitative model development teams for the development and enhancement of macroeconomic forecasting methodologies., Lead ad-hoc analysis and conduct economic research as needed., Required Qualifications, Skills, and Capabilities, Strong quantitative skills: Master’s or Bachelor's degree in Economics, Econometrics, Quantitative Finance, or related field., At least 1 years of relevant work experience in research/forecasting/business analytics for a leading financial institution/central bank/consulting firm or similar, with a strong background/interest in economics.","Join a dynamic team within the Office of the Chief Financial Officer, where you'll oversee the development and distribution of macroeconomic scenarios used in the Firm's forecasting processes. Collaborate with Economics and Strategy Research teams, Chief Risk Officer, Chief Financial Officer, Financial Planning teams, and other corporate areas. Cover key U.S. and global macroeconomic indicators, rates, equities, FX and credit markets, real estate markets, and more. A broad knowledge base across economics and finance is essential. Develop scenarios across a range of potential economic backdrops distributed Firmwide."
jpmorgan,Part Time Associate Banker Newport Beach (30 hours),Part Time Associate Banker Newport Beach (30 hours),"Consumer & Community Banking Posting Date 06/02/2026, 09","s 1000 Irvine Ave, Newport Beach, CA, 92660, US Job Schedule Part time Job Shift Variable Base Pay/Salary Newport Beach,CA",on 05,On-Site,Part Time,https://jpmc.fa.oraclecloud.com/hcmUI/CandidateExperience/en/sites/CX_1001/job/210708024/?from=20&s=1,"Ability to put clients first and exceed their expectations – delivering attentive and friendly service, creating a welcoming environment., Ability to build trusted relationships – demonstrating genuine care and concern during interactions with clients., Ability to engage clients – communicating clearly and politely to understand and help, anticipating client needs., Ability to quickly and effectively resolve client issues with attention to detail – providing a consistent client experience., Ability to elevate the client experience – working collaboratively as a team to deliver seamless service with care and sincerity., Ability to quickly and accurately learn products, services, and procedures., Client service experience or comparable experience., High school diploma or GED equivalent.","This position is subject to Section 19 of the Federal Deposit Insurance Act. As such, an employment offer for this position is contingent on JPMorganChase’s review of criminal conviction history, including pretrial diversions or program entries."
jpmorgan,Part Time Associate Banker Austin North (30 Hours),Part Time Associate Banker Austin North (30 Hours),"Consumer & Community Banking Posting Date 06/03/2026, 07","s 1111 N Interstate 35, Round Rock, TX, 78664, US Job Schedule Part time Job Shift Variable JOB DESCRIPTION At Chase, we are passionate about creating memorable experiences for our clients and employees, making them feel welcomed, valued, and understood",on 05,On-Site,Part Time,https://jpmc.fa.oraclecloud.com/hcmUI/CandidateExperience/en/sites/CX_1001/job/210708041/?from=20&s=1,"Ability to put clients first and exceed their expectations – delivering attentive and friendly service, creating a welcoming environment., Ability to build trusted relationships – demonstrating genuine care and concern during interactions with clients., Ability to engage clients – communicating clearly and politely to understand and help, anticipating client needs., Ability to quickly and effectively resolve client issues with attention to detail – providing a consistent client experience., Ability to elevate the client experience – working collaboratively as a team to deliver seamless service with care and sincerity., Ability to quickly and accurately learn products, services, and procedures., Client service experience or comparable experience., High school diploma or GED equivalent.","Chase is a leading financial services firm, helping nearly half of America’s households and small businesses achieve their financial goals through a broad range of financial products. Our mission is to create engaged, lifelong relationships and put our customers at the heart of everything we do. We also help small businesses, nonprofits and cities grow, delivering solutions to solve all their financial needs."
jpmorgan,Part Time Associate Banker Eastside South(30 Hours),Part Time Associate Banker Eastside South(30 Hours),"Consumer & Community Banking Posting Date 06/03/2026, 03","s 150 Logan Ave S, Renton, WA, 98057, US Job Schedule Part time Job Shift Variable Base Pay/Salary Renton,WA",on 05,On-Site,Part Time,https://jpmc.fa.oraclecloud.com/hcmUI/CandidateExperience/en/sites/CX_1001/job/210708308/?from=20&s=1,"Ability to put clients first and exceed their expectations – delivering attentive and friendly service, creating a welcoming environment., Ability to build trusted relationships – demonstrating genuine care and concern during interactions with clients., Ability to engage clients – communicating clearly and politely to understand and help, anticipating client needs., Ability to quickly and effectively resolve client issues with attention to detail – providing a consistent client experience., Ability to elevate the client experience – working collaboratively as a team to deliver seamless service with care and sincerity., Ability to quickly and accurately learn products, services, and procedures., Client service experience or comparable experience., High school diploma or GED equivalent.","Chase is a leading financial services firm, helping nearly half of America’s households and small businesses achieve their financial goals through a broad range of financial products. Our mission is to create engaged, lifelong relationships and put our customers at the heart of everything we do. We also help small businesses, nonprofits and cities grow, delivering solutions to solve all their financial needs."
jpmorgan,Part Time Associate Banker WA South (30 hours),Part Time Associate Banker WA South (30 hours),"Consumer & Community Banking Posting Date 06/03/2026, 05","s 200 NE 78th St, Vancouver, WA, 98665, US Job Schedule Part time Job Shift Variable Base Pay/Salary Vancouver,WA",on 05,On-Site,Part Time,https://jpmc.fa.oraclecloud.com/hcmUI/CandidateExperience/en/sites/CX_1001/job/210708429/?from=20&s=1,"Ability to put clients first and exceed their expectations – delivering attentive and friendly service, creating a welcoming environment., Ability to build trusted relationships – demonstrating genuine care and concern during interactions with clients., Ability to engage clients – communicating clearly and politely to understand and help, anticipating client needs., Ability to quickly and effectively resolve client issues with attention to detail – providing a consistent client experience., Ability to elevate the client experience – working collaboratively as a team to deliver seamless service with care and sincerity., Ability to quickly and accurately learn products, services, and procedures., Client service experience or comparable experience., High school diploma or GED equivalent.","Chase is a leading financial services firm, helping nearly half of America’s households and small businesses achieve their financial goals through a broad range of financial products. Our mission is to create engaged, lifelong relationships and put our customers at the heart of everything we do. We also help small businesses, nonprofits and cities grow, delivering solutions to solve all their financial needs."
jpmorgan,Part Time Associate Banker Willamette Valley (30 hours),Part Time Associate Banker Willamette Valley (30 hours),"Consumer & Community Banking Posting Date 06/03/2026, 05","s 110 Hawthorne Ave SE, Salem, OR, 97301, US Job Schedule Part time Job Shift Variable JOB DESCRIPTION At Chase, we are passionate about creating memorable experiences for our clients and employees, making them feel welcomed, valued, and understood",on 06,On-Site,Part Time,https://jpmc.fa.oraclecloud.com/hcmUI/CandidateExperience/en/sites/CX_1001/job/210708447/?from=20&s=1,"Ability to put clients first and exceed their expectations – delivering attentive and friendly service, creating a welcoming environment., Ability to build trusted relationships – demonstrating genuine care and concern during interactions with clients., Ability to engage clients – communicating clearly and politely to understand and help, anticipating client needs., Ability to quickly and effectively resolve client issues with attention to detail – providing a consistent client experience., Ability to elevate the client experience – working collaboratively as a team to deliver seamless service with care and sincerity., Ability to quickly and accurately learn products, services, and procedures., Client service experience or comparable experience., High school diploma or GED equivalent.","Chase is a leading financial services firm, helping nearly half of America’s households and small businesses achieve their financial goals through a broad range of financial products. Our mission is to create engaged, lifelong relationships and put our customers at the heart of everything we do. We also help small businesses, nonprofits and cities grow, delivering solutions to solve all their financial needs."
jpmorgan,Part Time Associate Banker Willamette Valley Eugene (30 hours),Part Time Associate Banker Willamette Valley Eugene (30 hours),"Consumer & Community Banking Posting Date 06/03/2026, 05","s 3545 Gateway St, Springfield, OR, 97477, US Job Schedule Part time Job Shift Variable JOB DESCRIPTION At Chase, we are passionate about creating memorable experiences for our clients and employees, making them feel welcomed, valued, and understood",on 06,On-Site,Part Time,https://jpmc.fa.oraclecloud.com/hcmUI/CandidateExperience/en/sites/CX_1001/job/210708451/?from=20&s=1,"Ability to put clients first and exceed their expectations – delivering attentive and friendly service, creating a welcoming environment., Ability to build trusted relationships – demonstrating genuine care and concern during interactions with clients., Ability to engage clients – communicating clearly and politely to understand and help, anticipating client needs., Ability to quickly and effectively resolve client issues with attention to detail – providing a consistent client experience., Ability to elevate the client experience – working collaboratively as a team to deliver seamless service with care and sincerity., Ability to quickly and accurately learn products, services, and procedures., Client service experience or comparable experience., High school diploma or GED equivalent.","Chase is a leading financial services firm, helping nearly half of America’s households and small businesses achieve their financial goals through a broad range of financial products. Our mission is to create engaged, lifelong relationships and put our customers at the heart of everything we do. We also help small businesses, nonprofits and cities grow, delivering solutions to solve all their financial needs."
jpmorgan,Compliance - Quant Modeling Senior Associate (Fair Lending) - Associate,Compliance - Quant Modeling Senior Associate (Fair Lending) - Associate,"Corporate Sector Posting Date 06/03/2026, 05","s 201 N Walnut St, Wilmington, DE, 19801, US 545 Washington Blvd, Jersey City, NJ, 07310, US 10420 Highland Manor Dr, Tampa, FL, 33610, US 8181 Communications Pkwy Ste C, Plano, TX, 75024, US Job Schedule Full time Job Shift Day Base Pay/Salary Jersey City,NJ",on 04,On-Site,Full Time,https://jpmc.fa.oraclecloud.com/hcmUI/CandidateExperience/en/sites/CX_1001/job/210708582/?from=20&s=1,"JPMorgan Chase and Co. (JPMorgan Chase) is committed to providing fair, equitable, and nondiscriminatory access to credit for both individuals and communities. This commitment is part of our fundamental mission of providing quality financial services to existing and prospective customers in accordance with all applicable laws and serving unique customers. As part of this mission the Office of Fair Lending (OFL) executes a robust program that oversees the firm’s compliance with fair lending laws., Job Responsibilities, Conduct statistical analyses and bias testing to review business models, including traditional models, machine learning / artificial intelligence models (ML/AI) as well as Gen AI based models for fair lending compliance This role offers a unique opportunity to gain exposure to a wide variety of models across different lines of business, enhancing your expertise and broadening your understanding of diverse modeling approaches., Engage with extensive model documentation to thoroughly understand the models you review from a fair lending perspective, allowing you to develop a comprehensive understanding of complex models and their applications., Build data-driven algorithms to mitigate potential disparate impact of models by working alongside model developers, business strategy owners & Legal to develop less discriminatory alternative models, Prepare presentations & reports to explain statistical results in both non-technical and technical formats to various stakeholders such as senior management, Legal, Model developers, Model Governance etc., Perform research & development to keep the fair lending compliance program aligned with industry and regulatory standards, Create model documentation; work with Control, Audit and Model Governance teams to ensure adequacy of processes, statistical models and model reviews, Support the team in maintaining relevant policies & procedures and representing fair lending in regulatory exams, audits and other areas related to internal governance, Perform other related duties as assigned","Bring your expertise to JPMorgan Chase. As part of Risk Management and Compliance, you are at the center of keeping JPMorgan Chase strong and resilient. You help the firm grow its business in a responsible way by anticipating new and emerging risks and using your expert judgement to solve real-world challenges that impact our company, customers and communities. Our culture in Risk Management and Compliance is all about thinking outside the box, challenging the status quo and striving to be best-in-class."
jpmorgan,"Part Time Associate Banker Financial District, Bay Area (30 Hours)","Part Time Associate Banker Financial District, Bay Area (30 Hours)","(30 Hours) San Francisco, CA, United States APPLY NOW JOB INFORMATION Job Identification 210709286 Job Category Associate Bankers Business Unit Consumer & Community Banking Posting Date 06/03/2026, 05","s 700 Market St, San Francisco, CA, 94102, US Job Schedule Part time Job Shift Variable Base Pay/Salary San Francisco,CA",on 05,On-Site,Part Time,https://jpmc.fa.oraclecloud.com/hcmUI/CandidateExperience/en/sites/CX_1001/job/210709286/?from=20&s=1,"Ability to put clients first and exceed their expectations – delivering attentive and friendly service, creating a welcoming environment., Ability to build trusted relationships – demonstrating genuine care and concern during interactions with clients., Ability to engage clients – communicating clearly and politely to understand and help, anticipating client needs., Ability to quickly and effectively resolve client issues with attention to detail – providing a consistent client experience., Ability to elevate the client experience – working collaboratively as a team to deliver seamless service with care and sincerity., Ability to quickly and accurately learn products, services, and procedures., Client service experience or comparable experience., High school diploma or GED equivalent.","This position is subject to Section 19 of the Federal Deposit Insurance Act. As such, an employment offer for this position is contingent on JPMorganChase’s review of criminal conviction history, including pretrial diversions or program entries."
jpmorgan,Media Relations Associate - Commercial & Investment Bank,Media Relations Associate - Commercial & Investment Bank,"Commercial & Investment Bank Posting Date 06/03/2026, 01","s 25 Bank Street, Canary Wharf, London, Greater London, E14 5JP, GB Job Schedule Full time JOB DESCRIPTION J",on 12,,Full Time,https://jpmc.fa.oraclecloud.com/hcmUI/CandidateExperience/en/sites/CX_1001/job/210710195/?from=20&s=1,"Strong written and verbal skills with the confidence to communicate with senior stakeholders, A good nose for news in the financial services, banking and capital markets spaces, An obsessive attention to detail, a deep respect for journalism, an appetite for reading around the subject, and a curiosity to learn more about the markets and the role of banks, Excellent organizational skills with the ability to multitask and prioritise high volume, high priority initiatives in a deadline-driven environment, Strong interpersonal, networking and presentation skills, creativity, and ability to make sound media judgement calls, Enthusiastic with a ‘can do’ approach for all aspects of their work, Ability to work independently to execute on projects while taking direction from multiple managers in a fast-paced environment, Commitment to maintaining the firm’s high standards related to risk, compliance and its Code of Conduct, Agency or in-house media relations experience preferred, ideally supporting banking or financial services companies, BA in Communications, Public Relations or Journalism preferred, but this is not essential","J.P. Morgan's Commercial & Investment Bank (CIB) is a global leader across Banking, Research, Markets, Payments and Securities Services. The Communications team within CIB is responsible for Media Relations, Internal Communications and Social Media."
jpmorgan,Business Analyst - Home Lending - Operational Initiative and Employee Support,Business Analyst - Home Lending - Operational Initiative and Employee Support,"Consumer & Community Banking Posting Date 06/02/2026, 09","s 9th Avenue corner 38th Street, Uptown Bonifacio, Taguig City, National Cap Region, 1635, PH Job Schedule Full time Job Shift Night JOB DESCRIPTION Join our team to directly enhance the home lending journey for customers",on 04,,Full Time,https://jpmc.fa.oraclecloud.com/hcmUI/CandidateExperience/en/sites/CX_1001/job/210711729/?from=20&s=1,"Bachelor’s degree or equivalent experience., Home Lending experience., 3 years of experience in business analysis, project management, or related fields in customer-centric functions., 1 year of experience leading initiatives or projects end to end., Knowledge of financial services, regulatory expectations, and risk management practices, Ability to manage multiple initiatives at different lifecycle stages in an Agile environment, Strong communication, organization, and consultative skills with the ability to prioritize effectively, Ability to work independently and deliver on daily tasks and assigned initiatives, Functional or technical depth enabling independent judgment on key department activities, Proficiency with data analysis and visualization tools such as SQL, Tableau, Power BI, or Alteryx","Join our team to directly enhance the home lending journey for customers. Lead impactful initiatives that streamline operations and reduce costs. Collaborate across functions to bring strategies to life. If you thrive on data and change leadership, this role offers a chance to make a swift, visible impact. Grow with us while delivering meaningful outcomes for both customers and the business."
jpmorgan,"Agentic Commerce, Vice President","Agentic Commerce, Vice President","Consumer & Community Banking Posting Date 06/03/2026, 08","s 450 W 33rd St, New York, NY, 10001, US Apply Before 06/26/2026, 12",on 03,On-Site,Full Time,https://jpmc.fa.oraclecloud.com/hcmUI/CandidateExperience/en/sites/CX_1001/job/210742747/?from=20&s=1,"7+ years of experience in financial services, digital, product management and/or Agile software development., Experience in online payments including card, digital wallets, and e-commerce payments., Passion for understanding customer needs and demonstrated ability to build digital products., Ability to think strategically and to connect the dots to the bigger picture, while still comfortable diving into the details required to ensure successful execution., Proven success in collaborating, influencing and driving decisions with multiple stakeholders, including team members across product, technology and design., Proven track record of managing risk and controls., Bachelor's degree in Computer Science, Business Management or comparable field of study.","The Payments organization is a motivated, forward-thinking team comprised of high talent product managers with a singular focus of delivering innovative payment services via the most important platforms of today and tomorrow. We seek to transform customer experiences, simplify the ways we do business, and tirelessly drive toward product excellence. We value controls, simplicity, and consistency in the capabilities and features we deliver."
jpmorgan,Senior Cash Operations - Associate,Senior Cash Operations - Associate,"Commercial & Investment Bank Posting Date 06/03/2026, 08",s One,on 05,,Full Time,https://jpmc.fa.oraclecloud.com/hcmUI/CandidateExperience/en/sites/CX_1001/job/210752302/?from=20&s=1,"Bachelor’s degree, Minimum 5 years of relevant experience in payments and/or cash operations within financial services., Strong knowledge of payment processing and operating models, including SWIFT and local payment channels such as MEPS, GIRO, and FAST, with awareness of regulatory requirements and industry practices., Demonstrated ability to drive operational excellence through process improvement, documentation discipline, and effective controls., Strong analytical and problem-solving skills, including ability to perform root-cause analysis and translate findings into practical actions., Experience partnering with Risk, Audit, and Compliance, including managing audit/regulatory reviews and supporting remediation., Strong stakeholder management and communication skills, able to work effectively across levels and functions, and to escalate issues appropriately., Solid PC skills with capability in project coordination and tracking delivery against timelines and client commitments.","Join our Payments Operations team and help keep our cash and payments services running safely, accurately, and on time. In this role, you will support day-to-day cash operations while improving processes, strengthening controls, and partnering with stakeholders across the business. You will contribute to change and automation initiatives, support regulatory and industry requirements, and help deliver a strong client experience. Job responsibilities"
jpmorgan,"2026 Corporate Analyst Development Program (CADP) ""Day in Bank"" Event - Sydney","2026 Corporate Analyst Development Program (CADP) ""Day in Bank"" Event - Sydney","Corporate Sector Posting Date 06/03/2026, 08","s 85 Castlereagh St, Sydney, AU-NSW, 2000, AU Apply Before 06/18/2026, 10",on 05,,Full Time,https://jpmc.fa.oraclecloud.com/hcmUI/CandidateExperience/en/sites/CX_1001/job/210754205/?from=20&s=1,,"As a participant in the 2026 Corporate Analyst Development Program (CADP) Day in Bank event in Sydney, you will meet our employees in-person and gain insights to the Corporate Analyst Development Program and our Operations team. Discover how our Operations team collaborates across departments, tackles challenging projects, and serves as the backbone of our financial institution. This event is a unique opportunity to understand the critical role Operations plays in our success."
jpmorgan,"J.P. Morgan Wealth Management – Private Client Advisor - Seal Beach, Huntington Beach and Los Alamitos, CA","J.P. Morgan Wealth Management – Private Client Advisor - Seal Beach, Huntington Beach and Los Alamitos, CA","Consumer & Community Banking Posting Date 06/03/2026, 01","s Seal Beach, CA, United States Huntington Beach, CA, United States Los Alamitos, CA, United States Job Schedule Full time Base Pay/Salary Seal Beach,CA",on 06,On-Site,Full Time,https://jpmc.fa.oraclecloud.com/hcmUI/CandidateExperience/en/sites/CX_1001/job/210630279/?from=30&s=1,"Demonstrate a deep understanding of financial markets and sound business judgement, Exhibit unwavering integrity that points toward doing right by clients at every opportunity, Demonstrate a passion for educating clients on the technology and channels available to them to better monitor, maintain, and handle their investments, Provide a holistic view of clients’ needs and financial coaching beyond investments, Embrace digital innovations to help clients become more digitally confident and bank when, where, and how they want, Required qualifications, capabilities, and skills, At least 2 years in a Financial Advisor role or equivalent financial services experience, Demonstrated success in client acquisition, cultivating and maintaining client relationships, and integrating with key partners, Demonstrated ability and commitment to goals-based planning and advice, A valid and active Series 7","This position is subject to Section 19 of the Federal Deposit Insurance Act. As such, an employment offer for this position is contingent on JPMorganChase’s review of criminal conviction history, including pretrial diversions or program entries."
jpmorgan,Payments Sales Manager - Broker Dealers & Market Structure - Executive Director,Payments Sales Manager - Broker Dealers & Market Structure - Executive Director,"Commercial & Investment Bank Posting Date 06/03/2026, 04","s 390 Madison Ave, New York, NY, 10017, US 10 S Dearborn St, Chicago, IL, 60603, US 875 15th St NW, Washington, DC, 20005, US Job Schedule Full time Base Pay/Salary New York,NY",on 05,On-Site,Full Time,https://jpmc.fa.oraclecloud.com/hcmUI/CandidateExperience/en/sites/CX_1001/job/210640571/?from=30&s=1,"10+ years experience selling cash and liquidity management products with in-depth knowledge of such products., Proactive with strong initiative and good team player with ability to take ownership and achieve sales goals., Strong knowledge in cash, foreign exchange, liquidity and information management products., Familiarity with innovative cutting edge treasury/payments products, in addition to an understanding of the credit/risk process and the compliance nuances of digital assets., Demonstrated ability to work across internal teams and external clients globally., Demonstrated ability to identify supplemental sales opportunities, position and close new business, and assist in the design, sale and delivery of value-added services., Competence in assessing new opportunities/prospecting, contacting key decision makers., Strong account planning and demonstrated execution., Comprehension of customer's industries (broker dealers, market makers, exchanges/clearinghouse), business needs and potential solutions., Excellent verbal communication and negotiation skills.",Join the NA Broker Dealers and Market Structure Payments Sales team!
jpmorgan,Quantitative Trading & Research – Markets Treasury – Associate,Quantitative Trading & Research – Markets Treasury – Associate,"Commercial & Investment Bank Posting Date 06/03/2026, 12","s 270 Park Ave, New York, NY, 10017, US Job Schedule Full time Base Pay/Salary New York,NY",on 04,On-Site,Full Time,https://jpmc.fa.oraclecloud.com/hcmUI/CandidateExperience/en/sites/CX_1001/job/210679055/?from=30&s=1,"Experience within a quantitative role in finance, Hold an advanced degree (Master’s) or equivalent in a quantitative discipline such as Mathematics, Computer Science, Physics, or Engineering, Demonstrate expert-level programming skills, particularly in Python, with experience leading development of large-scale, production-grade systems and mentoring others in best coding practices., Exhibit exceptional quantitative and analytical problem-solving abilities, Markets experience and a comprehensive understanding of trading concepts, strategies, and terminology, Possess outstanding communication skills, adept at engaging and influencing senior stakeholders on complex technical topics and translating technical concepts into actionable business insights., Demonstrate ability to master new business domains and adapting to evolving business priorities, proactively identifying areas for strategic growth and improvement., Apply strategic and creative thinking to both challenges and opportunities, driving continuous innovation and fostering a culture of forward-thinking problem solving., Champion robust system and solution architecture, ensuring rigorous testing, verification, and adherence to best practices in design and implementation across teams.","Quantitative Research (QR) is an expert quantitative modelling group in J.P. Morgan, as well as a leader in financial engineering, data analytics, statistical modelling and portfolio management. As a global team, QR partners with traders, marketers and risk managers across all products and regions."
jpmorgan,U.S. Private Bank – Private Banker – Executive Director,U.S. Private Bank – Private Banker – Executive Director,"Asset & Wealth Management Posting Date 06/03/2026, 02","s 650 S Exeter St, Baltimore, MD, 21202, US Job Schedule Full time Job Shift Day Base Pay/Salary Baltimore,MD",on 11,On-Site,Full Time,https://jpmc.fa.oraclecloud.com/hcmUI/CandidateExperience/en/sites/CX_1001/job/210685188/?from=30&s=1,"Fifteen plus years of work experience in Private Banking or Financial Services, Bachelor’s Degree required, Series 7, 66 and Insurance licenses required for position; unlicensed candidates considered, but required to obtain licenses within 90 days of start date, Proven sales success and strong business acumen, Strong community presence with an established network, Experience or demonstrated understanding of investments, wealth planning, credit and banking concepts, Focuses on the client experience and works tirelessly on the client’s behalf","We are actively looking for exceptionally talented individuals who are collaborative, confident and motivated to provide a first-class experience to clients within J.P. Morgan’s U.S. Private Bank. If you have an entrepreneurial mindset and are looking to constantly challenge yourself, J.P. Morgan is the place for you. You will be working alongside a team of talented colleagues from other markets, businesses and functions to provide you with the opportunity to take your career to the next level. As a Private Banker in the U.S. Private Bank, you are responsible for advising families on building, preserving and managing their wealth. You will use your knowledge of investments, financial planning, credit and banking to both advise current clients on all aspects of their balance sheet and generate new client acquisition. You will be part of a local team and supported by an institutional platform that has the resources, specialists and intellectual capital to help you advise clients on achieving their desired goals."
jpmorgan,Global Investment Banking - Mergers & Acquisitions- Analyst/ Associate,Global Investment Banking - Mergers & Acquisitions- Analyst/ Associate,"Commercial & Investment Bank Posting Date 06/02/2026, 04","s 35, Seosomun-ro 11-gil, Jung-gu, Seoul, 04516, KR Apply Before 07/11/2026, 12",on 05,,Full Time,https://jpmc.fa.oraclecloud.com/hcmUI/CandidateExperience/en/sites/CX_1001/job/210697202/?from=30&s=1,"Building your professional network with mentors, senior executives and others, Required Qualifications, capabilities and skills, Bachelor’s degree in Finance, Economics, Accounting or other related disciplines, Minimum 1 year experience working in the front office of a top tier Investment Bank, Excellent analytical, quantitative and communication skills, Good understanding of the M&A and capital markets transaction cycle and processes involved, Excellent leadership and collaborative skills, Knowing your way around Excel, PowerPoint and Word, Fluency in Korean language skills since this role will be supporting & interacting with Korean clients","Starting your career in Investment Banking Division as an Analyst/Associate in the Mergers & Acquisition team, you will be a key player in the execution of the firm's business. Senior bankers will get to know you - both as a person and as a valued member of a winning team."
jpmorgan,Market and Product Expansion Director – Treasury Services & Payments – Executive Director – Riyadh,Market and Product Expansion Director – Treasury Services & Payments – Executive Director – Riyadh,"Commercial & Investment Bank Posting Date 06/03/2026, 02",s Al Faisaliah Tower Floor 8 and 25,,,Full Time,https://jpmc.fa.oraclecloud.com/hcmUI/CandidateExperience/en/sites/CX_1001/job/210701246/?from=30&s=1,"Proven experience or equivalent expertise in Product, Technology, or Project Management, ideally across multiple disciplines (e.g., Sales, Client Management, Product, Operations, Risk, Legal, Finance)., Advanced level knowledge of risk management and controls, regional and local nuances, and governance requirements., Strong business understanding of Saudi Arabia and the broader CEEMEA region., Extensive experience in the payments industry, including building and delivering payment or growth strategies for financial institutions, and a deep understanding of payments and treasury services products., Proven ability to identify opportunities for market growth in line with regulatory requirements., Demonstrated prior experience influencing across functions and teams while delivering value at scale., Ability to quickly build strong partnerships, credibility, and influence with technology, functional partners, and senior management., Strong leadership and experience in managing and motivating teams from diverse backgrounds and seniority., Commercially minded individual with creative problem solving, capable of developing innovative and differentiated solutions., Proven ability to operate effectively within a matrix organization and across various stakeholders.",Release your expertise and navigate regulatory landscapes to bring products to life in a global market. Shape your future and ours as you collaborate with teams and bridge products with market demands.
jpmorgan,"J.P. Morgan Wealth Management – Market Director of Wealth - Staten Island, NY","J.P. Morgan Wealth Management – Market Director of Wealth - Staten Island, NY","Consumer & Community Banking Posting Date 06/02/2026, 09","s 277 Park Ave, New York, NY, 10172, US Job Schedule Full time Base Pay/Salary Brooklyn,NY",on 01,On-Site,Full Time,https://jpmc.fa.oraclecloud.com/hcmUI/CandidateExperience/en/sites/CX_1001/job/210702452/?from=30&s=1,"At least 5 years of Advisor management experience required, coupled with a proven track record of developing and coaching high performing Advisor team, Ability to travel 50% of the time, A valid and active FINRA Series 7, 66 (or equivalent) is required, A valid and active FINRA Series 9/10 (or equivalent) is required and must be obtained or retained within a 60 day condition of employment, Proven ability to recruit, source and attract internal and external Advisor talent by building and maintaining personal network of contacts, High degree of investment services and product acumen and keen interest in the financial markets, Strong communication skills, attention to detail, excellent follow-through and a strong commitment to upholding a sound risk and controls environment","Chase is a leading financial services firm, helping nearly half of America’s households and small businesses achieve their financial goals through a broad range of financial products. Our mission is to create engaged, lifelong relationships and put our customers at the heart of everything we do. We also help small businesses, nonprofits and cities grow, delivering solutions to solve all their financial needs."
jpmorgan,"Lead Software Engineer - C++, Data Structures- Electronic Trading Tech","Lead Software Engineer - C++, Data Structures- Electronic Trading Tech","Commercial & Investment Bank Posting Date 06/02/2026, 02","s VENTURA TOWERS,2ND3RD,4TH,5TH",on 05,,Full Time,https://jpmc.fa.oraclecloud.com/hcmUI/CandidateExperience/en/sites/CX_1001/job/210704870/?from=30&s=1,"Formal training or certification on software engineering concepts and 5+ years applied experience, Advanced proficiency in C++11/14, STL, and data structures., Strong Unix/Linux expertise, with deep knowledge of multithreading and TCP/IP network programming., Solid understanding of Object-Oriented Programming, software architecture, and algorithms., Experience across all aspects of the Software Development Life Cycle.","We have an opportunity to work on innovative, mission-critical technology in a collaborative, global environment. Be part of a team that values creativity, initiative, and professional growth."
jpmorgan,Lead Software Engineer -Java/AWS,Lead Software Engineer -Java/AWS,"Consumer & Community Banking Posting Date 06/03/2026, 04","s 450 W 33rd St, New York, NY, 10001, US 880 Powder Mill Rd, Wilmington, DE, 19803, US Job Schedule Full time Base Pay/Salary New York,NY",on 05,On-Site,Full Time,https://jpmc.fa.oraclecloud.com/hcmUI/CandidateExperience/en/sites/CX_1001/job/210706560/?from=30&s=1,"Formal training or certification on software engineering concepts and 5+ years applied experience, Experience leading teams of technologists and ability to guide and coach teams on approach to achieve goals aligned against a set of strategic initiatives, Experience with hiring, developing, and recognizing talent., Hands-on practical experience delivering system design, application development, testing, and operational stability, Advanced knowledge of software applications and technical processes with considerable in-depth knowledge in one or more technical disciplines (e.g., cloud, artificial intelligence, machine learning, mobile, etc.), Ability to tackle design and functionality problems independently with little to no oversight, Proficiency in Java/J2EE and REST APIs, Web Services and experience in building event-driven Micro Services and Kafka streaming., Experience in Spring Framework, Spring Boot and AWS Services in public cloud infrastructure, Solid understanding of agile methodologies such as CI/CD, Applicant Resiliency, and Security, Working proficiency in developmental toolsets like GIT/Bitbucket, JIRA, Maven","Be an integral part of an agile team that's constantly pushing the envelope to enhance, build, and deliver top-notch technology products."
jpmorgan,Fund Services Accounting Trades,Fund Services Accounting Trades,"Commercial & Investment Bank Posting Date 06/02/2026, 06","s Nirlon Knowledge Park, Western Express Highway, Goregaon (East), Mumbai, IN-MH, 400063, IN Apply Before 06/30/2026, 12",on 04,,Full Time,https://jpmc.fa.oraclecloud.com/hcmUI/CandidateExperience/en/sites/CX_1001/job/210706713/?from=30&s=1,"Job responsibilities, Oversee the maintenance of accurate accounting and securities records for each fund administered, ensuring adherence to all prescribed controls for fund accounting processes., Investigate and resolve issues where accounting or securities transactions breach the validation tolerances of the JP Morgan system, applying advanced problem-solving skills., Implement operational procedures to complete tasks accurately and timely., Partner with various Operations Teams, Technology, Product, Sales, Program Management., Identify and address vulnerabilities in our fund servicing processes, leveraging your proficiency in continuous improvement to enhance efficiency and resilience., Required qualifications, capabilities, and skills, Demonstrated expertise in fund accounting and administration, with at least five years of experience focusing on maintaining accurate accounting and securities records, evidenced by successful management of related tasks and responsibilities., Demonstrated proficiency in identifying and resolving issues related to accounting or securities transactions, ensuring compliance with validation tolerances., Proven ability to implement operational procedures and controls, with a focus on enhancing cybersecurity and anti-fraud measures.","JPMorganChase, one of the oldest financial institutions, offers innovative financial solutions to millions of consumers, small businesses and many of the world’s most prominent corporate, institutional and government clients under the J.P. Morgan and Chase brands. Our history spans over 200 years and today we are a leader in investment banking, consumer and small business banking, commercial banking, financial transaction processing and asset management. We recognize that our people are our strength and the diverse talents they bring to our global workforce are directly linked to our success. We are an equal opportunity employer and place a high value on diversity and inclusion at our company. We do not discriminate on the basis of any protected attribute, including race, religion, color, national origin, gender, sexual orientation, gender identity, gender expression, age, marital or veteran status, pregnancy or disability, or any other basis protected under applicable law. We also make reasonable accommodations for applicants’ and employees’ religious practices and beliefs, as well as mental health or physical disability needs. Visit our FAQs for more information about requesting an accommodation."
jpmorgan,"J.P. Morgan Wealth Management - Vice President, Wealth Management Solutions","J.P. Morgan Wealth Management - Vice President, Wealth Management Solutions","Asset & Wealth Management Posting Date 06/02/2026, 09","s 277 Park Ave, New York, NY, 10172, US Job Schedule Full time Base Pay/Salary New York,NY",on 04,On-Site,Full Time,https://jpmc.fa.oraclecloud.com/hcmUI/CandidateExperience/en/sites/CX_1001/job/210706795/?from=30&s=1,"7+ years of experience in derivatives, options, structured products, or capital markets–related roles., Strong technical background in options pricing, payoff analysis, risk management, and portfolio construction., Experience working directly with advisors, portfolio managers, or client-facing teams in a consultative capacity., Demonstrated ability to bridge technical expertise with commercial outcomes., Bachelor’s degree required","The J.P. Morgan Wealth Management (USWM) business is focused on helping investors achieve their long-term financial goals and is comprised of the Chase wealth management business, J.P. Morgan Advisors, Personal Advisors and Self-Directed - our digital investing platform. The combined business has ~$600 billion in Assets Under Management and ~5,000 advisors located across 3,500 branches and 20 offices."
jpmorgan,Firmwide Economic Scenarios - Analyst,Firmwide Economic Scenarios - Analyst,"Corporate Sector Posting Date 06/03/2026, 01","s 270 Park Ave, New York, NY, 10017, US Job Schedule Full time Job Shift Day Base Pay/Salary New York,NY",,On-Site,Full Time,https://jpmc.fa.oraclecloud.com/hcmUI/CandidateExperience/en/sites/CX_1001/job/210707004/?from=30&s=1,"Job Responsibilities, Support the execution of macroeconomic forecasts that make up the scenarios, working closely with key forecasting partners and consumers of the scenarios., Monitor and prepare commentary on economic releases and events, monitor evolving risks, stay abreast of trends in economics and financial markets, and anticipate implications for macroeconomic forecasting and scenario design., Manage multiple project workstreams as well as inbound questions, deliverables, and ad-hoc requests, with an emphasis on accuracy and timeliness of meeting deliverables on prescribed timelines., Develop executive-level presentations for senior management and internal stakeholders., Interact with and guide quantitative model development teams for the development and enhancement of macroeconomic forecasting methodologies., Lead ad-hoc analysis and conduct economic research as needed., Required Qualifications, Skills, and Capabilities, Strong quantitative skills: Master’s or Bachelor's degree in Economics, Econometrics, Quantitative Finance, or related field., At least 1 years of relevant work experience in research/forecasting/business analytics for a leading financial institution/central bank/consulting firm or similar, with a strong background/interest in economics.","Join a dynamic team within the Office of the Chief Financial Officer, where you'll oversee the development and distribution of macroeconomic scenarios used in the Firm's forecasting processes. Collaborate with Economics and Strategy Research teams, Chief Risk Officer, Chief Financial Officer, Financial Planning teams, and other corporate areas. Cover key U.S. and global macroeconomic indicators, rates, equities, FX and credit markets, real estate markets, and more. A broad knowledge base across economics and finance is essential. Develop scenarios across a range of potential economic backdrops distributed Firmwide."
jpmorgan,Part Time Associate Banker Newport Beach (30 hours),Part Time Associate Banker Newport Beach (30 hours),"Consumer & Community Banking Posting Date 06/02/2026, 09","s 1000 Irvine Ave, Newport Beach, CA, 92660, US Job Schedule Part time Job Shift Variable Base Pay/Salary Newport Beach,CA",on 05,On-Site,Part Time,https://jpmc.fa.oraclecloud.com/hcmUI/CandidateExperience/en/sites/CX_1001/job/210708024/?from=30&s=1,"Ability to put clients first and exceed their expectations – delivering attentive and friendly service, creating a welcoming environment., Ability to build trusted relationships – demonstrating genuine care and concern during interactions with clients., Ability to engage clients – communicating clearly and politely to understand and help, anticipating client needs., Ability to quickly and effectively resolve client issues with attention to detail – providing a consistent client experience., Ability to elevate the client experience – working collaboratively as a team to deliver seamless service with care and sincerity., Ability to quickly and accurately learn products, services, and procedures., Client service experience or comparable experience., High school diploma or GED equivalent.","This position is subject to Section 19 of the Federal Deposit Insurance Act. As such, an employment offer for this position is contingent on JPMorganChase’s review of criminal conviction history, including pretrial diversions or program entries."
jpmorgan,Part Time Associate Banker Austin North (30 Hours),Part Time Associate Banker Austin North (30 Hours),"Consumer & Community Banking Posting Date 06/03/2026, 07","s 1111 N Interstate 35, Round Rock, TX, 78664, US Job Schedule Part time Job Shift Variable JOB DESCRIPTION At Chase, we are passionate about creating memorable experiences for our clients and employees, making them feel welcomed, valued, and understood",on 05,On-Site,Part Time,https://jpmc.fa.oraclecloud.com/hcmUI/CandidateExperience/en/sites/CX_1001/job/210708041/?from=30&s=1,"Ability to put clients first and exceed their expectations – delivering attentive and friendly service, creating a welcoming environment., Ability to build trusted relationships – demonstrating genuine care and concern during interactions with clients., Ability to engage clients – communicating clearly and politely to understand and help, anticipating client needs., Ability to quickly and effectively resolve client issues with attention to detail – providing a consistent client experience., Ability to elevate the client experience – working collaboratively as a team to deliver seamless service with care and sincerity., Ability to quickly and accurately learn products, services, and procedures., Client service experience or comparable experience., High school diploma or GED equivalent.","Chase is a leading financial services firm, helping nearly half of America’s households and small businesses achieve their financial goals through a broad range of financial products. Our mission is to create engaged, lifelong relationships and put our customers at the heart of everything we do. We also help small businesses, nonprofits and cities grow, delivering solutions to solve all their financial needs."
jpmorgan,Part Time Associate Banker Eastside South(30 Hours),Part Time Associate Banker Eastside South(30 Hours),"Consumer & Community Banking Posting Date 06/03/2026, 03","s 150 Logan Ave S, Renton, WA, 98057, US Job Schedule Part time Job Shift Variable Base Pay/Salary Renton,WA",on 05,On-Site,Part Time,https://jpmc.fa.oraclecloud.com/hcmUI/CandidateExperience/en/sites/CX_1001/job/210708308/?from=30&s=1,"Ability to put clients first and exceed their expectations – delivering attentive and friendly service, creating a welcoming environment., Ability to build trusted relationships – demonstrating genuine care and concern during interactions with clients., Ability to engage clients – communicating clearly and politely to understand and help, anticipating client needs., Ability to quickly and effectively resolve client issues with attention to detail – providing a consistent client experience., Ability to elevate the client experience – working collaboratively as a team to deliver seamless service with care and sincerity., Ability to quickly and accurately learn products, services, and procedures., Client service experience or comparable experience., High school diploma or GED equivalent.","Chase is a leading financial services firm, helping nearly half of America’s households and small businesses achieve their financial goals through a broad range of financial products. Our mission is to create engaged, lifelong relationships and put our customers at the heart of everything we do. We also help small businesses, nonprofits and cities grow, delivering solutions to solve all their financial needs."
jpmorgan,Part Time Associate Banker WA South (30 hours),Part Time Associate Banker WA South (30 hours),"Consumer & Community Banking Posting Date 06/03/2026, 05","s 200 NE 78th St, Vancouver, WA, 98665, US Job Schedule Part time Job Shift Variable Base Pay/Salary Vancouver,WA",on 05,On-Site,Part Time,https://jpmc.fa.oraclecloud.com/hcmUI/CandidateExperience/en/sites/CX_1001/job/210708429/?from=30&s=1,"Ability to put clients first and exceed their expectations – delivering attentive and friendly service, creating a welcoming environment., Ability to build trusted relationships – demonstrating genuine care and concern during interactions with clients., Ability to engage clients – communicating clearly and politely to understand and help, anticipating client needs., Ability to quickly and effectively resolve client issues with attention to detail – providing a consistent client experience., Ability to elevate the client experience – working collaboratively as a team to deliver seamless service with care and sincerity., Ability to quickly and accurately learn products, services, and procedures., Client service experience or comparable experience., High school diploma or GED equivalent.","Chase is a leading financial services firm, helping nearly half of America’s households and small businesses achieve their financial goals through a broad range of financial products. Our mission is to create engaged, lifelong relationships and put our customers at the heart of everything we do. We also help small businesses, nonprofits and cities grow, delivering solutions to solve all their financial needs."
jpmorgan,Part Time Associate Banker Willamette Valley (30 hours),Part Time Associate Banker Willamette Valley (30 hours),"Consumer & Community Banking Posting Date 06/03/2026, 05","s 110 Hawthorne Ave SE, Salem, OR, 97301, US Job Schedule Part time Job Shift Variable JOB DESCRIPTION At Chase, we are passionate about creating memorable experiences for our clients and employees, making them feel welcomed, valued, and understood",on 06,On-Site,Part Time,https://jpmc.fa.oraclecloud.com/hcmUI/CandidateExperience/en/sites/CX_1001/job/210708447/?from=30&s=1,"Ability to put clients first and exceed their expectations – delivering attentive and friendly service, creating a welcoming environment., Ability to build trusted relationships – demonstrating genuine care and concern during interactions with clients., Ability to engage clients – communicating clearly and politely to understand and help, anticipating client needs., Ability to quickly and effectively resolve client issues with attention to detail – providing a consistent client experience., Ability to elevate the client experience – working collaboratively as a team to deliver seamless service with care and sincerity., Ability to quickly and accurately learn products, services, and procedures., Client service experience or comparable experience., High school diploma or GED equivalent.","Chase is a leading financial services firm, helping nearly half of America’s households and small businesses achieve their financial goals through a broad range of financial products. Our mission is to create engaged, lifelong relationships and put our customers at the heart of everything we do. We also help small businesses, nonprofits and cities grow, delivering solutions to solve all their financial needs."
jpmorgan,Part Time Associate Banker Willamette Valley Eugene (30 hours),Part Time Associate Banker Willamette Valley Eugene (30 hours),"Consumer & Community Banking Posting Date 06/03/2026, 05","s 3545 Gateway St, Springfield, OR, 97477, US Job Schedule Part time Job Shift Variable JOB DESCRIPTION At Chase, we are passionate about creating memorable experiences for our clients and employees, making them feel welcomed, valued, and understood",on 06,On-Site,Part Time,https://jpmc.fa.oraclecloud.com/hcmUI/CandidateExperience/en/sites/CX_1001/job/210708451/?from=30&s=1,"Ability to put clients first and exceed their expectations – delivering attentive and friendly service, creating a welcoming environment., Ability to build trusted relationships – demonstrating genuine care and concern during interactions with clients., Ability to engage clients – communicating clearly and politely to understand and help, anticipating client needs., Ability to quickly and effectively resolve client issues with attention to detail – providing a consistent client experience., Ability to elevate the client experience – working collaboratively as a team to deliver seamless service with care and sincerity., Ability to quickly and accurately learn products, services, and procedures., Client service experience or comparable experience., High school diploma or GED equivalent.","Chase is a leading financial services firm, helping nearly half of America’s households and small businesses achieve their financial goals through a broad range of financial products. Our mission is to create engaged, lifelong relationships and put our customers at the heart of everything we do. We also help small businesses, nonprofits and cities grow, delivering solutions to solve all their financial needs."
jpmorgan,Compliance - Quant Modeling Senior Associate (Fair Lending) - Associate,Compliance - Quant Modeling Senior Associate (Fair Lending) - Associate,"Corporate Sector Posting Date 06/03/2026, 05","s 201 N Walnut St, Wilmington, DE, 19801, US 545 Washington Blvd, Jersey City, NJ, 07310, US 10420 Highland Manor Dr, Tampa, FL, 33610, US 8181 Communications Pkwy Ste C, Plano, TX, 75024, US Job Schedule Full time Job Shift Day Base Pay/Salary Jersey City,NJ",on 04,On-Site,Full Time,https://jpmc.fa.oraclecloud.com/hcmUI/CandidateExperience/en/sites/CX_1001/job/210708582/?from=30&s=1,"JPMorgan Chase and Co. (JPMorgan Chase) is committed to providing fair, equitable, and nondiscriminatory access to credit for both individuals and communities. This commitment is part of our fundamental mission of providing quality financial services to existing and prospective customers in accordance with all applicable laws and serving unique customers. As part of this mission the Office of Fair Lending (OFL) executes a robust program that oversees the firm’s compliance with fair lending laws., Job Responsibilities, Conduct statistical analyses and bias testing to review business models, including traditional models, machine learning / artificial intelligence models (ML/AI) as well as Gen AI based models for fair lending compliance This role offers a unique opportunity to gain exposure to a wide variety of models across different lines of business, enhancing your expertise and broadening your understanding of diverse modeling approaches., Engage with extensive model documentation to thoroughly understand the models you review from a fair lending perspective, allowing you to develop a comprehensive understanding of complex models and their applications., Build data-driven algorithms to mitigate potential disparate impact of models by working alongside model developers, business strategy owners & Legal to develop less discriminatory alternative models, Prepare presentations & reports to explain statistical results in both non-technical and technical formats to various stakeholders such as senior management, Legal, Model developers, Model Governance etc., Perform research & development to keep the fair lending compliance program aligned with industry and regulatory standards, Create model documentation; work with Control, Audit and Model Governance teams to ensure adequacy of processes, statistical models and model reviews, Support the team in maintaining relevant policies & procedures and representing fair lending in regulatory exams, audits and other areas related to internal governance, Perform other related duties as assigned","Bring your expertise to JPMorgan Chase. As part of Risk Management and Compliance, you are at the center of keeping JPMorgan Chase strong and resilient. You help the firm grow its business in a responsible way by anticipating new and emerging risks and using your expert judgement to solve real-world challenges that impact our company, customers and communities. Our culture in Risk Management and Compliance is all about thinking outside the box, challenging the status quo and striving to be best-in-class."
jpmorgan,"Part Time Associate Banker Financial District, Bay Area (30 Hours)","Part Time Associate Banker Financial District, Bay Area (30 Hours)","(30 Hours) San Francisco, CA, United States APPLY NOW JOB INFORMATION Job Identification 210709286 Job Category Associate Bankers Business Unit Consumer & Community Banking Posting Date 06/03/2026, 05","s 700 Market St, San Francisco, CA, 94102, US Job Schedule Part time Job Shift Variable Base Pay/Salary San Francisco,CA",on 05,On-Site,Part Time,https://jpmc.fa.oraclecloud.com/hcmUI/CandidateExperience/en/sites/CX_1001/job/210709286/?from=30&s=1,"Ability to put clients first and exceed their expectations – delivering attentive and friendly service, creating a welcoming environment., Ability to build trusted relationships – demonstrating genuine care and concern during interactions with clients., Ability to engage clients – communicating clearly and politely to understand and help, anticipating client needs., Ability to quickly and effectively resolve client issues with attention to detail – providing a consistent client experience., Ability to elevate the client experience – working collaboratively as a team to deliver seamless service with care and sincerity., Ability to quickly and accurately learn products, services, and procedures., Client service experience or comparable experience., High school diploma or GED equivalent.","This position is subject to Section 19 of the Federal Deposit Insurance Act. As such, an employment offer for this position is contingent on JPMorganChase’s review of criminal conviction history, including pretrial diversions or program entries."
jpmorgan,Media Relations Associate - Commercial & Investment Bank,Media Relations Associate - Commercial & Investment Bank,"Commercial & Investment Bank Posting Date 06/03/2026, 01","s 25 Bank Street, Canary Wharf, London, Greater London, E14 5JP, GB Job Schedule Full time JOB DESCRIPTION J",on 12,,Full Time,https://jpmc.fa.oraclecloud.com/hcmUI/CandidateExperience/en/sites/CX_1001/job/210710195/?from=30&s=1,"Strong written and verbal skills with the confidence to communicate with senior stakeholders, A good nose for news in the financial services, banking and capital markets spaces, An obsessive attention to detail, a deep respect for journalism, an appetite for reading around the subject, and a curiosity to learn more about the markets and the role of banks, Excellent organizational skills with the ability to multitask and prioritise high volume, high priority initiatives in a deadline-driven environment, Strong interpersonal, networking and presentation skills, creativity, and ability to make sound media judgement calls, Enthusiastic with a ‘can do’ approach for all aspects of their work, Ability to work independently to execute on projects while taking direction from multiple managers in a fast-paced environment, Commitment to maintaining the firm’s high standards related to risk, compliance and its Code of Conduct, Agency or in-house media relations experience preferred, ideally supporting banking or financial services companies, BA in Communications, Public Relations or Journalism preferred, but this is not essential","J.P. Morgan's Commercial & Investment Bank (CIB) is a global leader across Banking, Research, Markets, Payments and Securities Services. The Communications team within CIB is responsible for Media Relations, Internal Communications and Social Media."
jpmorgan,Business Analyst - Home Lending - Operational Initiative and Employee Support,Business Analyst - Home Lending - Operational Initiative and Employee Support,"Consumer & Community Banking Posting Date 06/02/2026, 09","s 9th Avenue corner 38th Street, Uptown Bonifacio, Taguig City, National Cap Region, 1635, PH Job Schedule Full time Job Shift Night JOB DESCRIPTION Join our team to directly enhance the home lending journey for customers",on 04,,Full Time,https://jpmc.fa.oraclecloud.com/hcmUI/CandidateExperience/en/sites/CX_1001/job/210711729/?from=30&s=1,"Bachelor’s degree or equivalent experience., Home Lending experience., 3 years of experience in business analysis, project management, or related fields in customer-centric functions., 1 year of experience leading initiatives or projects end to end., Knowledge of financial services, regulatory expectations, and risk management practices, Ability to manage multiple initiatives at different lifecycle stages in an Agile environment, Strong communication, organization, and consultative skills with the ability to prioritize effectively, Ability to work independently and deliver on daily tasks and assigned initiatives, Functional or technical depth enabling independent judgment on key department activities, Proficiency with data analysis and visualization tools such as SQL, Tableau, Power BI, or Alteryx","Join our team to directly enhance the home lending journey for customers. Lead impactful initiatives that streamline operations and reduce costs. Collaborate across functions to bring strategies to life. If you thrive on data and change leadership, this role offers a chance to make a swift, visible impact. Grow with us while delivering meaningful outcomes for both customers and the business."
jpmorgan,"Agentic Commerce, Vice President","Agentic Commerce, Vice President","Consumer & Community Banking Posting Date 06/03/2026, 08","s 450 W 33rd St, New York, NY, 10001, US Apply Before 06/26/2026, 12",on 03,On-Site,Full Time,https://jpmc.fa.oraclecloud.com/hcmUI/CandidateExperience/en/sites/CX_1001/job/210742747/?from=30&s=1,"7+ years of experience in financial services, digital, product management and/or Agile software development., Experience in online payments including card, digital wallets, and e-commerce payments., Passion for understanding customer needs and demonstrated ability to build digital products., Ability to think strategically and to connect the dots to the bigger picture, while still comfortable diving into the details required to ensure successful execution., Proven success in collaborating, influencing and driving decisions with multiple stakeholders, including team members across product, technology and design., Proven track record of managing risk and controls., Bachelor's degree in Computer Science, Business Management or comparable field of study.","The Payments organization is a motivated, forward-thinking team comprised of high talent product managers with a singular focus of delivering innovative payment services via the most important platforms of today and tomorrow. We seek to transform customer experiences, simplify the ways we do business, and tirelessly drive toward product excellence. We value controls, simplicity, and consistency in the capabilities and features we deliver."
jpmorgan,Senior Cash Operations - Associate,Senior Cash Operations - Associate,"Commercial & Investment Bank Posting Date 06/03/2026, 08",s One,on 05,,Full Time,https://jpmc.fa.oraclecloud.com/hcmUI/CandidateExperience/en/sites/CX_1001/job/210752302/?from=30&s=1,"Bachelor’s degree, Minimum 5 years of relevant experience in payments and/or cash operations within financial services., Strong knowledge of payment processing and operating models, including SWIFT and local payment channels such as MEPS, GIRO, and FAST, with awareness of regulatory requirements and industry practices., Demonstrated ability to drive operational excellence through process improvement, documentation discipline, and effective controls., Strong analytical and problem-solving skills, including ability to perform root-cause analysis and translate findings into practical actions., Experience partnering with Risk, Audit, and Compliance, including managing audit/regulatory reviews and supporting remediation., Strong stakeholder management and communication skills, able to work effectively across levels and functions, and to escalate issues appropriately., Solid PC skills with capability in project coordination and tracking delivery against timelines and client commitments.","Join our Payments Operations team and help keep our cash and payments services running safely, accurately, and on time. In this role, you will support day-to-day cash operations while improving processes, strengthening controls, and partnering with stakeholders across the business. You will contribute to change and automation initiatives, support regulatory and industry requirements, and help deliver a strong client experience. Job responsibilities"
jpmorgan,"2026 Corporate Analyst Development Program (CADP) ""Day in Bank"" Event - Sydney","2026 Corporate Analyst Development Program (CADP) ""Day in Bank"" Event - Sydney","Corporate Sector Posting Date 06/03/2026, 08","s 85 Castlereagh St, Sydney, AU-NSW, 2000, AU Apply Before 06/18/2026, 10",on 05,,Full Time,https://jpmc.fa.oraclecloud.com/hcmUI/CandidateExperience/en/sites/CX_1001/job/210754205/?from=30&s=1,,"As a participant in the 2026 Corporate Analyst Development Program (CADP) Day in Bank event in Sydney, you will meet our employees in-person and gain insights to the Corporate Analyst Development Program and our Operations team. Discover how our Operations team collaborates across departments, tackles challenging projects, and serves as the backbone of our financial institution. This event is a unique opportunity to understand the critical role Operations plays in our success."
SHELL,Workday,Workday,,,,,,https://shell.wd3.myworkdayjobs.com/ShellCareers/login,,
SHELL,,,,,,,,https://shell.wd3.myworkdayjobs.com/ShellCareers?source=APPLICANT_SOURCE_Global_Page,,
SHELL,Workday,Workday,,,,,,https://shell.wd3.myworkdayjobs.com/en-US/shellcareers/jobAlerts,,
